article,image,price,product_name,specifications
0832107,https://s3.iautomatica.ru/iblock/d5e/4a8cd595-c4dd-11e8-8109-0cc47a73967f_dd8df672-a95a-11ea-811a-0cc47a73967f.resize1.jpeg,947,"Маркировка для проводов UCT-WMCO 6,8 (23X8)"," Минимальное количество поставки | 4 | Количество в упаковке | 4 | Артикул | 0832107 | Вес | 1 | Страна | Германия | ETIM | EC001530 | Дополнительное описание | Маркировка для проводов | Подробное описание материала 1 | Маркировка кабельная"
0832104,https://s3.iautomatica.ru/iblock/58c/4a8cd58f-c4dd-11e8-8109-0cc47a73967f_dd8df66f-a95a-11ea-811a-0cc47a73967f.resize1.jpeg,822,"Маркировка для проводов UCT-WMCO 4,7 (23X4)"," Минимальное количество поставки | 6 | Количество в упаковке | 6 | Артикул | 0832104 | Вес | 1 | Страна | Германия | ETIM | EC001530 | Дополнительное описание | Маркировка для проводов | Подробное описание материала 1 | Маркировка кабельная"
0832108,https://s3.iautomatica.ru/iblock/72b/4a8cd597-c4dd-11e8-8109-0cc47a73967f_dd8df673-a95a-11ea-811a-0cc47a73967f.resize1.jpeg,876,"Маркировка для проводов UCT-WMCO 7,5 (23X8)"," Минимальное количество поставки | 4 | Количество в упаковке | 4 | Артикул | 0832108 | Вес | 1 | Страна | Германия | ETIM | EC001530 | Дополнительное описание | Маркировка для проводов | Подробное описание материала 1 | Маркировка кабельная"
0832106,https://s3.iautomatica.ru/iblock/ab5/4a8cd593-c4dd-11e8-8109-0cc47a73967f_dd8df671-a95a-11ea-811a-0cc47a73967f.resize1.jpeg,854,"Маркировка для проводов UCT-WMCO 6,1 (23X8)"," Минимальное количество поставки | 5 | Количество в упаковке | 5 | Артикул | 0832106 | Вес | 1 | Страна | Германия | ETIM | EC001530 | Дополнительное описание | Маркировка для проводов | Подробное описание материала 1 | Маркировка кабельная"
0832105,https://s3.iautomatica.ru/iblock/05e/4a8cd591-c4dd-11e8-8109-0cc47a73967f_dd8df670-a95a-11ea-811a-0cc47a73967f.resize1.jpeg,768,"Маркировка для проводов UCT-WMCO 5,4 (23X8)"," Минимальное количество поставки | 5 | Количество в упаковке | 5 | Артикул | 0832105 | Вес | 1 | Страна | Германия | ETIM | EC001530 | Дополнительное описание | Маркировка для проводов | Подробное описание материала 1 | Маркировка кабельная"
0832100,https://s3.iautomatica.ru/iblock/ea4/4a8cd587-c4dd-11e8-8109-0cc47a73967f_dd8df66b-a95a-11ea-811a-0cc47a73967f.resize1.jpeg,674,"Маркировка для проводов UCT-WMCO 1,9 (23X4)"," Минимальное количество поставки | 9 | Количество в упаковке | 9 | Артикул | 0832100 | Вес | 1 | Страна | Германия | ETIM | EC001530 | Дополнительное описание | Маркировка для проводов | Подробное описание материала 1 | Маркировка кабельная"
0832102,https://s3.iautomatica.ru/iblock/7b1/4a8cd58b-c4dd-11e8-8109-0cc47a73967f_dd8df66d-a95a-11ea-811a-0cc47a73967f.resize1.jpeg,738,"Маркировка для проводов UCT-WMCO 3,5 (23X4)"," Минимальное количество поставки | 7 | Количество в упаковке | 7 | Артикул | 0832102 | Вес | 1 | Страна | Германия | ETIM | EC001530 | Дополнительное описание | Маркировка для проводов | Подробное описание материала 1 | Маркировка кабельная"
0832101,https://s3.iautomatica.ru/iblock/c91/4a8cd589-c4dd-11e8-8109-0cc47a73967f_dd8df66c-a95a-11ea-811a-0cc47a73967f.resize1.jpeg,674,"Маркировка для проводов UCT-WMCO 2,9 (23X4)"," Минимальное количество поставки | 9 | Количество в упаковке | 9 | Артикул | 0832101 | Вес | 1 | Страна | Германия | ETIM | EC001530 | Дополнительное описание | Маркировка для проводов | Подробное описание материала 1 | Маркировка кабельная"
0832103,https://s3.iautomatica.ru/iblock/f2e/4a8cd58d-c4dd-11e8-8109-0cc47a73967f_dd8df66e-a95a-11ea-811a-0cc47a73967f.resize1.jpeg,827,"Маркировка для проводов UCT-WMCO 4,1 (23X4)"," Минимальное количество поставки | 7 | Количество в упаковке | 7 | Артикул | 0832103 | Вес | 1 | Страна | Германия | ETIM | EC001530 | Дополнительное описание | Маркировка для проводов | Подробное описание материала 1 | Маркировка кабельная"
0833215,https://s3.iautomatica.ru/iblock/f60/10d1327b-c4dd-11e8-8109-0cc47a73967f_6db792f9-a95a-11ea-811a-0cc47a73967f.resize1.jpeg,929,"Усадочный кембрик WMS-2 HF 3,2 (15X5)RL YE CUS"," Минимальное количество поставки | 1 | Количество в упаковке | 1 | Артикул | 0833215 | Вес | 1 | Страна | Германия | ETIM | EC001530 | Дополнительное описание | Усадочный кембрик | Подробное описание материала 1 | Маркировка кабельная"
0833219,https://s3.iautomatica.ru/iblock/f60/10d1327b-c4dd-11e8-8109-0cc47a73967f_6db792f9-a95a-11ea-811a-0cc47a73967f.resize1.jpeg,929,"Усадочный кембрик WMS-2 HF 3,2 (60X5)RL YE CUS"," Минимальное количество поставки | 1 | Количество в упаковке | 1 | Артикул | 0833219 | Вес | 1 | Страна | Германия | ETIM | EC001530 | Дополнительное описание | Усадочный кембрик | Подробное описание материала 1 | Маркировка кабельная"
0833218,https://s3.iautomatica.ru/iblock/69c/10d13271-c4dd-11e8-8109-0cc47a73967f_6db792f4-a95a-11ea-811a-0cc47a73967f.resize1.jpeg,929,"Усадочный кембрик WMS-2 HF 3,2 (60X5)RL CUS"," Минимальное количество поставки | 1 | Количество в упаковке | 1 | Артикул | 0833218 | Вес | 1 | Страна | Германия | ETIM | EC001530 | Дополнительное описание | Усадочный кембрик | Подробное описание материала 1 | Маркировка кабельная"
0833220,https://s3.iautomatica.ru/iblock/69c/10d13271-c4dd-11e8-8109-0cc47a73967f_6db792f4-a95a-11ea-811a-0cc47a73967f.resize1.jpeg,1 054,"Усадочный кембрик WMS-2 HF 4,8 (15X9)RL CUS"," Минимальное количество поставки | 1 | Количество в упаковке | 1 | Артикул | 0833220 | Вес | 1 | Страна | Германия | ETIM | EC001530 | Дополнительное описание | Усадочный кембрик | Подробное описание материала 1 | Маркировка кабельная"
0833217,https://s3.iautomatica.ru/iblock/f60/10d1327b-c4dd-11e8-8109-0cc47a73967f_6db792f9-a95a-11ea-811a-0cc47a73967f.resize1.jpeg,929,"Усадочный кембрик WMS-2 HF 3,2 (30X5)RL YE CUS"," Минимальное количество поставки | 1 | Количество в упаковке | 1 | Артикул | 0833217 | Вес | 1 | Страна | Германия | ETIM | EC001530 | Дополнительное описание | Усадочный кембрик | Подробное описание материала 1 | Маркировка кабельная"
0833216,https://s3.iautomatica.ru/iblock/69c/10d13271-c4dd-11e8-8109-0cc47a73967f_6db792f4-a95a-11ea-811a-0cc47a73967f.resize1.jpeg,929,"Усадочный кембрик WMS-2 HF 3,2 (30X5)RL CUS"," Минимальное количество поставки | 1 | Количество в упаковке | 1 | Артикул | 0833216 | Вес | 1 | Страна | Германия | ETIM | EC001530 | Дополнительное описание | Усадочный кембрик | Подробное описание материала 1 | Маркировка кабельная"
0833210,https://s3.iautomatica.ru/iblock/69c/10d13271-c4dd-11e8-8109-0cc47a73967f_6db792f4-a95a-11ea-811a-0cc47a73967f.resize1.jpeg,914,"Усадочный кембрик WMS-2 HF 2,4 (30X4)RL CUS"," Минимальное количество поставки | 1 | Количество в упаковке | 1 | Артикул | 0833210 | Вес | 1 | Страна | Германия | ETIM | EC001530 | Дополнительное описание | Усадочный кембрик | Подробное описание материала 1 | Маркировка кабельная"
8191311,https://s3.iautomatica.ru/iblock/80c/5d903c9a-c4dd-11e8-8109-0cc47a73967f_f3b05b34-a95a-11ea-811a-0cc47a73967f.resize1.jpeg,9 604,"Сумка для инструментов, не укомплектованая TOOL-BELTPOUCH EMPTY CUS"," Минимальное количество поставки | 1 | Количество в упаковке | 1 | Артикул | 8191311 | Вес | 1 | Страна | Германия | ETIM | EC000181 | Дополнительное описание | Сумка для инструментов, не укомплектованая | Подробное описание материала 1 | Ящик/ сумка/ кейс/ жилет для инструментов"
8191310,https://s3.iautomatica.ru/iblock/973/5d903c98-c4dd-11e8-8109-0cc47a73967f_f3b05b33-a95a-11ea-811a-0cc47a73967f.resize1.jpeg,14 832,"Сумка для инструментов, не укомплектованая TOOL-CARRIER EMPTY CUS"," Минимальное количество поставки | 1 | Количество в упаковке | 1 | Артикул | 8191310 | Вес | 1 | Страна | Германия | ETIM | EC000181 | Дополнительное описание | Сумка для инструментов, не укомплектованая | Подробное описание материала 1 | Ящик/ сумка/ кейс/ жилет для инструментов"
8191307,https://s3.iautomatica.ru/iblock/1ab/572be36e-c4dd-11e8-8109-0cc47a73967f_f3b05b30-a95a-11ea-811a-0cc47a73967f.resize1.jpeg,6 232,Комплект инструментов TOOL-KIT STANDARD EMPTY CUS," Минимальное количество поставки | 1 | Количество в упаковке | 1 | Артикул | 8191307 | Вес | 1 | Страна | Германия | ETIM | EC000181 | Дополнительное описание | Комплект инструментов | Подробное описание материала 1 | Ящик/ сумка/ кейс/ жилет для инструментов"
8191309,https://s3.iautomatica.ru/iblock/008/572be372-c4dd-11e8-8109-0cc47a73967f_f3b05b32-a95a-11ea-811a-0cc47a73967f.resize1.jpeg,9 748,"Сумка для инструментов, не укомплектованая TOOL-WRAP EMPTY CUS"," Минимальное количество поставки | 1 | Количество в упаковке | 1 | Артикул | 8191309 | Вес | 1 | Страна | Германия | ETIM | EC000181 | Дополнительное описание | Сумка для инструментов, не укомплектованая | Подробное описание материала 1 | Ящик/ сумка/ кейс/ жилет для инструментов"
8191312,https://s3.iautomatica.ru/iblock/2ad/5d903c9c-c4dd-11e8-8109-0cc47a73967f_f3b05b35-a95a-11ea-811a-0cc47a73967f.resize1.jpeg,40 999,Чемодан для инструмента TOOL-CASE EMPTY CUS," Минимальное количество поставки | 1 | Количество в упаковке | 1 | Артикул | 8191312 | Вес | 1 | Страна | Германия | ETIM | EC000181 | Дополнительное описание | Чемодан для инструмента | Подробное описание материала 1 | Ящик/ сумка/ кейс/ жилет для инструментов"
8191308,https://s3.iautomatica.ru/iblock/d08/572be370-c4dd-11e8-8109-0cc47a73967f_f3b05b31-a95a-11ea-811a-0cc47a73967f.resize1.jpeg,34 994,"Сумка для инструментов, не укомплектованая TOOL-BAG EMPTY CUS"," Минимальное количество поставки | 1 | Количество в упаковке | 1 | Артикул | 8191308 | Вес | 1 | Страна | Германия | ETIM | EC000181 | Дополнительное описание | Сумка для инструментов, не укомплектованая | Подробное описание материала 1 | Ящик/ сумка/ кейс/ жилет для инструментов"
1212770,https://s3.iautomatica.ru/iblock/3ca/572be2f6-c4dd-11e8-8109-0cc47a73967f_ec5fa521-a95a-11ea-811a-0cc47a73967f.resize1.jpeg,42 419,Клещи для опрессовки CRIMPFOX 6T CUS," Минимальное количество поставки | 1 | Количество в упаковке | 1 | Артикул | 1212770 | Вес | 1 | Страна | Германия | ETIM | EC000168 | Дополнительное описание | Клещи для опрессовки | Подробное описание материала 1 | Инструмент для опрессовки/обжима кабельных наконечников, гильз и разъемов"
1212779,https://s3.iautomatica.ru/iblock/6ad/572be2f8-c4dd-11e8-8109-0cc47a73967f_ec5fa523-a95a-11ea-811a-0cc47a73967f.resize1.jpeg,37 870,"Инструмент для обжима кабельных наконечников CRIMPFOX-SC 1,5 CUS"," Минимальное количество поставки | 1 | Количество в упаковке | 1 | Артикул | 1212779 | Вес | 1 | Страна | Германия | ETIM | EC000168 | Дополнительное описание | Инструмент для обжима кабельных наконечников | Подробное описание материала 1 | Инструмент для опрессовки/обжима кабельных наконечников, гильз и разъемов"
1212773,https://s3.iautomatica.ru/iblock/6ad/572be2f8-c4dd-11e8-8109-0cc47a73967f_ec5fa523-a95a-11ea-811a-0cc47a73967f.resize1.jpeg,30 157,"Клещи для опрессовки CRIMPFOX-RCI 2,5 CUS"," Минимальное количество поставки | 1 | Количество в упаковке | 1 | Артикул | 1212773 | Вес | 1 | Страна | Германия | ETIM | EC000168 | Дополнительное описание | Клещи для опрессовки | Подробное описание материала 1 | Инструмент для опрессовки/обжима кабельных наконечников, гильз и разъемов"
1212777,https://s3.iautomatica.ru/iblock/6ad/572be2f8-c4dd-11e8-8109-0cc47a73967f_ec5fa523-a95a-11ea-811a-0cc47a73967f.resize1.jpeg,30 874,"Клещи для опрессовки CRIMPFOX-RC 2,5 CUS"," Минимальное количество поставки | 1 | Количество в упаковке | 1 | Артикул | 1212777 | Вес | 1 | Страна | Германия | ETIM | EC000168 | Дополнительное описание | Клещи для опрессовки | Подробное описание материала 1 | Инструмент для опрессовки/обжима кабельных наконечников, гильз и разъемов"
1213166,https://s3.iautomatica.ru/iblock/d0b/572be310-c4dd-11e8-8109-0cc47a73967f_ec5fa52f-a95a-11ea-811a-0cc47a73967f.resize1.jpeg,41 813,Клещи для опрессовки CRIMPFOX CENTRUS 6H CUS," Минимальное количество поставки | 1 | Количество в упаковке | 1 | Артикул | 1213166 | Вес | 1 | Страна | Германия | ETIM | EC000168 | Дополнительное описание | Клещи для опрессовки | Подробное описание материала 1 | Инструмент для опрессовки/обжима кабельных наконечников, гильз и разъемов"
1212778,https://s3.iautomatica.ru/iblock/507/572be304-c4dd-11e8-8109-0cc47a73967f_ec5fa529-a95a-11ea-811a-0cc47a73967f.resize1.jpeg,50 738,Клещи для опрессовки CRIMPFOX-RC 25 CUS," Минимальное количество поставки | 1 | Количество в упаковке | 1 | Артикул | 1212778 | Вес | 1 | Страна | Германия | ETIM | EC000168 | Дополнительное описание | Клещи для опрессовки | Подробное описание материала 1 | Инструмент для опрессовки/обжима кабельных наконечников, гильз и разъемов"
1213164,https://s3.iautomatica.ru/iblock/d0b/572be310-c4dd-11e8-8109-0cc47a73967f_ec5fa52f-a95a-11ea-811a-0cc47a73967f.resize1.jpeg,28 782,Клещи для опрессовки CRIMPFOX CENTRUS 6S CUS," Минимальное количество поставки | 1 | Количество в упаковке | 1 | Артикул | 1213164 | ETIM | EC000168 | Дополнительное описание | BG8313 | Подробное описание материала 1 | Инструмент для опрессовки/обжима кабельных наконечников, гильз и разъемов"
1213176,https://s3.iautomatica.ru/iblock/d0b/572be310-c4dd-11e8-8109-0cc47a73967f_ec5fa52f-a95a-11ea-811a-0cc47a73967f.resize1.jpeg,43 427,Клещи для опрессовки CRIMPFOX CENTRUS 10H CUS," Минимальное количество поставки | 1 | Количество в упаковке | 1 | Артикул | 1213176 | Вес | 1 | Страна | Германия | ETIM | EC000168 | Дополнительное описание | Клещи для опрессовки | Подробное описание материала 1 | Инструмент для опрессовки/обжима кабельных наконечников, гильз и разъемов"
1212774,https://s3.iautomatica.ru/iblock/494/572be2fc-c4dd-11e8-8109-0cc47a73967f_ec5fa525-a95a-11ea-811a-0cc47a73967f.resize1.jpeg,37 928,Клещи для опрессовки CRIMPFOX-RCI 6 CUS," Минимальное количество поставки | 1 | Количество в упаковке | 1 | Артикул | 1212774 | Вес | 1 | Страна | Германия | ETIM | EC000168 | Дополнительное описание | Клещи для опрессовки | Подробное описание материала 1 | Инструмент для опрессовки/обжима кабельных наконечников, гильз и разъемов"
1213174,https://s3.iautomatica.ru/iblock/89a/572be30e-c4dd-11e8-8109-0cc47a73967f_ec5fa52e-a95a-11ea-811a-0cc47a73967f.resize1.jpeg,43 427,Клещи для опрессовки CRIMPFOX CENTRUS 10S CUS," Минимальное количество поставки | 1 | Количество в упаковке | 1 | Артикул | 1213174 | Вес | 1 | Страна | Германия | ETIM | EC000168 | Дополнительное описание | Клещи для опрессовки | Подробное описание материала 1 | Инструмент для опрессовки/обжима кабельных наконечников, гильз и разъемов"
3240599,https://s3.iautomatica.ru/iblock/6b3/acdf2f11-9ef5-11e4-830c-50465db50169_44c3582c-a95b-11ea-811a-0cc47a73967f.resize1.jpeg,11 046,Кабельный канал CD-HF 80X40 BU," Минимальное количество поставки | 15 | Количество в упаковке | 15 | Артикул | 3240599 | Вес | 1 | Страна | Германия | ETIM | EC000012 | Дополнительное описание | Кабельный канал | Подробное описание материала 1 | Кабель: канал перфорированный"
3241109,https://s3.iautomatica.ru/iblock/517/709e8414-c4dd-11e8-8109-0cc47a73967f_538fc6ba-a95b-11ea-811a-0cc47a73967f.resize1.jpeg,23,Спиральный шланг WG-S HF 15," Минимальное количество поставки | 50 | Количество в упаковке | 50 | Артикул | 3241109 | ETIM | EC002604 | Дополнительное описание | BG4451 | Подробное описание материала 1 | Спираль монтажная/ ленточный шланг/ рукав для объединения кабелей в жгут"
3240614,https://s3.iautomatica.ru/iblock/9c5/709e83e8-c4dd-11e8-8109-0cc47a73967f_4c14ab60-a95b-11ea-811a-0cc47a73967f.resize1.jpeg,2 714,Защитный профиль CD-HF COVER 60 BU," Минимальное количество поставки | 10 | Количество в упаковке | 10 | Артикул | 3240614 | Вес | 1 | Страна | Германия | ETIM | EC000727 | Дополнительное описание | Защитный профиль | Подробное описание материала 1 | Крышка перфорированного кабель: канала"
3240188,https://s3.iautomatica.ru/iblock/840/acdf2ecd-9ef5-11e4-830c-50465db50169_44c357f4-a95b-11ea-811a-0cc47a73967f.resize1.jpeg,962,Кабельный канал CD 25X40," Минимальное количество поставки | 24 | Количество в упаковке | 24 | Артикул | 3240188 | ETIM | EC000012 | Дополнительное описание | BG4431 | Подробное описание материала 1 | Кабель: канал перфорированный"
3240589,https://s3.iautomatica.ru/iblock/6b3/acdf2f11-9ef5-11e4-830c-50465db50169_44c3582c-a95b-11ea-811a-0cc47a73967f.resize1.jpeg,16 512,Кабельный канал CD-HF 30X100 BU," Минимальное количество поставки | 12 | Количество в упаковке | 12 | Артикул | 3240589 | Вес | 1 | Страна | Германия | ETIM | EC000012 | Дополнительное описание | Кабельный канал | Подробное описание материала 1 | Кабель: канал перфорированный"
3240197,https://s3.iautomatica.ru/iblock/840/acdf2ecd-9ef5-11e4-830c-50465db50169_44c357f4-a95b-11ea-811a-0cc47a73967f.resize1.jpeg,1 827,Кабельный канал CD 25X80," Минимальное количество поставки | 10 | Количество в упаковке | 10 | Артикул | 3240197 | ETIM | EC000012 | Дополнительное описание | BG4431 | Подробное описание материала 1 | Кабель: канал перфорированный"
3240198,https://s3.iautomatica.ru/iblock/840/acdf2ecd-9ef5-11e4-830c-50465db50169_44c357f4-a95b-11ea-811a-0cc47a73967f.resize1.jpeg,2 119,Кабельный канал CD 40X80," Минимальное количество поставки | 10 | Количество в упаковке | 10 | Артикул | 3240198 | ETIM | EC000012 | Дополнительное описание | BG4431 | Подробное описание материала 1 | Кабель: канал перфорированный"
3240583,https://s3.iautomatica.ru/iblock/6b3/acdf2f11-9ef5-11e4-830c-50465db50169_44c3582c-a95b-11ea-811a-0cc47a73967f.resize1.jpeg,6 041,Кабельный канал CD-HF 25X40 BU," Минимальное количество поставки | 24 | Количество в упаковке | 24 | Артикул | 3240583 | Вес | 1 | Страна | Германия | ETIM | EC000012 | Дополнительное описание | Кабельный канал | Подробное описание материала 1 | Кабель: канал перфорированный"
3240584,https://s3.iautomatica.ru/iblock/6b3/acdf2f11-9ef5-11e4-830c-50465db50169_44c3582c-a95b-11ea-811a-0cc47a73967f.resize1.jpeg,7 442,Кабельный канал CD-HF 25X60 BU," Минимальное количество поставки | 15 | Количество в упаковке | 15 | Артикул | 3240584 | Вес | 1 | Страна | Германия | ETIM | EC000012 | Дополнительное описание | Кабельный канал | Подробное описание материала 1 | Кабель: канал перфорированный"
3240585,https://s3.iautomatica.ru/iblock/6b3/acdf2f11-9ef5-11e4-830c-50465db50169_44c3582c-a95b-11ea-811a-0cc47a73967f.resize1.jpeg,10 350,Кабельный канал CD-HF 25X80 BU," Минимальное количество поставки | 10 | Количество в упаковке | 10 | Артикул | 3240585 | Вес | 1 | Страна | Германия | ETIM | EC000012 | Дополнительное описание | Кабельный канал | Подробное описание материала 1 | Кабель: канал перфорированный"
3240281,https://s3.iautomatica.ru/iblock/840/acdf2ecd-9ef5-11e4-830c-50465db50169_44c357f4-a95b-11ea-811a-0cc47a73967f.resize1.jpeg,1 696,Кабельный канал CD 80X25," Минимальное количество поставки | 12 | Количество в упаковке | 12 | Артикул | 3240281 | ETIM | EC000012 | Дополнительное описание | BG4431 | Подробное описание материала 1 | Кабель: канал перфорированный"
3240590,https://s3.iautomatica.ru/iblock/6b3/acdf2f11-9ef5-11e4-830c-50465db50169_44c3582c-a95b-11ea-811a-0cc47a73967f.resize1.jpeg,6 930,Кабельный канал CD-HF 40X40 BU," Минимальное количество поставки | 25 | Количество в упаковке | 25 | Артикул | 3240590 | Вес | 1 | Страна | Германия | ETIM | EC000012 | Дополнительное описание | Кабельный канал | Подробное описание материала 1 | Кабель: канал перфорированный"
3241187,https://s3.iautomatica.ru/iblock/e77/709e8468-c4dd-11e8-8109-0cc47a73967f_5b09e0fe-a95b-11ea-811a-0cc47a73967f.resize1.jpeg,45,Уплотн. кольцо WP-OR M10," Минимальное количество поставки | 50 | Количество в упаковке | 50 | Артикул | 3241187 | Вес | 1 | Страна | Германия | ETIM | EC001181 | Дополнительное описание | Уплотн. кольцо | Подробное описание материала 1 | Уплотнительное кольцо"
3241178,https://s3.iautomatica.ru/iblock/48e/709e8450-c4dd-11e8-8109-0cc47a73967f_538fc6f3-a95b-11ea-811a-0cc47a73967f.resize1.jpeg,154,Плоское уплотнение WP-FS HF IP68 M32," Минимальное количество поставки | 25 | Количество в упаковке | 25 | Артикул | 3241178 | Вес | 1 | Страна | Германия | ETIM | EC001181 | Дополнительное описание | Плоское уплотнение | Подробное описание материала 1 | Уплотнительное кольцо"
3241181,https://s3.iautomatica.ru/iblock/cfb/709e845e-c4dd-11e8-8109-0cc47a73967f_5b09e0f6-a95b-11ea-811a-0cc47a73967f.resize1.jpeg,87,Плоское уплотнение WP-FS HF IP68 PG9," Минимальное количество поставки | 50 | Количество в упаковке | 50 | Артикул | 3241181 | Вес | 1 | Страна | Германия | ETIM | EC001181 | Дополнительное описание | Плоское уплотнение | Подробное описание материала 1 | Уплотнительное кольцо"
3241182,https://s3.iautomatica.ru/iblock/cfb/709e845e-c4dd-11e8-8109-0cc47a73967f_5b09e0f6-a95b-11ea-811a-0cc47a73967f.resize1.jpeg,94,Плоское уплотнение WP-FS HF IP68 PG11," Минимальное количество поставки | 50 | Количество в упаковке | 50 | Артикул | 3241182 | Вес | 1 | Страна | Германия | ETIM | EC001181 | Дополнительное описание | Плоское уплотнение | Подробное описание материала 1 | Уплотнительное кольцо"
1575880,https://s3.iautomatica.ru/iblock/161/e3d23cef-c4dc-11e8-8109-0cc47a73967f_f6d86e79-a959-11ea-811a-0cc47a73967f.resize1.jpeg,20 438,"Системный кабель шины SAC-5P-M 8MS/15,0-920/M 8FS"," Минимальное количество поставки | 1 | Количество в упаковке | 1 | Артикул | 1575880 | Вес | 1 | Страна | Германия | ETIM | EC000830 | Дополнительное описание | Системный кабель шины | Подробное описание материала 1 | Кабель связи для передачи данных"
1575864,https://s3.iautomatica.ru/iblock/161/e3d23cef-c4dc-11e8-8109-0cc47a73967f_f6d86e79-a959-11ea-811a-0cc47a73967f.resize1.jpeg,11 585,"Системный кабель шины SAC-5P-M 8MS/ 5,0-920/M 8FS"," Минимальное количество поставки | 1 | Количество в упаковке | 1 | Артикул | 1575864 | Вес | 1 | Страна | Германия | ETIM | EC000830 | Дополнительное описание | Системный кабель шины | Подробное описание материала 1 | Кабель связи для передачи данных"
1575877,https://s3.iautomatica.ru/iblock/161/e3d23cef-c4dc-11e8-8109-0cc47a73967f_f6d86e79-a959-11ea-811a-0cc47a73967f.resize1.jpeg,16 145,"Системный кабель шины SAC-5P-M 8MS/10,0-920/M 8FS"," Минимальное количество поставки | 1 | Количество в упаковке | 1 | Артикул | 1575877 | Вес | 1 | Страна | Германия | ETIM | EC000830 | Дополнительное описание | Системный кабель шины | Подробное описание материала 1 | Кабель связи для передачи данных"
1575851,https://s3.iautomatica.ru/iblock/161/e3d23cef-c4dc-11e8-8109-0cc47a73967f_f6d86e79-a959-11ea-811a-0cc47a73967f.resize1.jpeg,8 857,"Системный кабель шины SAC-5P-M 8MS/ 2,0-920/M 8FS"," Минимальное количество поставки | 1 | Количество в упаковке | 1 | Артикул | 1575851 | Вес | 1 | Страна | Германия | ETIM | EC000830 | Дополнительное описание | Системный кабель шины | Подробное описание материала 1 | Кабель связи для передачи данных"
1609523,https://s3.iautomatica.ru/iblock/d01/e3d23d53-c4dc-11e8-8109-0cc47a73967f_fe5896b1-a959-11ea-811a-0cc47a73967f.resize1.jpeg,129 954,"Силовой кабель VS-PN-CABLE-1020/PVC-5X2,5/100"," Минимальное количество поставки | 1 | Количество в упаковке | 1 | Артикул | 1609523 | Вес | 1 | Страна | Германия | ETIM | EC000830 | Дополнительное описание | Силовой кабель | Подробное описание материала 1 | Кабель связи для передачи данных"
1575848,https://s3.iautomatica.ru/iblock/161/e3d23cef-c4dc-11e8-8109-0cc47a73967f_f6d86e79-a959-11ea-811a-0cc47a73967f.resize1.jpeg,7 946,"Системный кабель шины SAC-5P-M 8MS/ 1,0-920/M 8FS"," Минимальное количество поставки | 1 | Количество в упаковке | 1 | Артикул | 1575848 | Вес | 1 | Страна | Германия | ETIM | EC000830 | Дополнительное описание | Системный кабель шины | Подробное описание материала 1 | Кабель связи для передачи данных"
1550656,https://s3.iautomatica.ru/iblock/f98/487d01b9-9ef5-11e4-830c-50465db50169_e0f1663f-a959-11ea-811a-0cc47a73967f.resize1.jpeg,46 470,"Бухта кабеля SAC-3P-100,0-PVC/SH-0,34"," Минимальное количество поставки | 1 | Количество в упаковке | 1 | Артикул | 1550656 | Вес | 1 | Страна | Германия | ETIM | EC001578 | Дополнительное описание | Бухта кабеля | Подробное описание материала 1 | Кабель/провод/шнур гибкий"
1550685,https://s3.iautomatica.ru/iblock/f98/487d01b9-9ef5-11e4-830c-50465db50169_e0f1663f-a959-11ea-811a-0cc47a73967f.resize1.jpeg,46 470,"Бухта кабеля SAC-6P-100,0-PVC/0,25"," Минимальное количество поставки | 1 | Количество в упаковке | 1 | Артикул | 1550685 | Вес | 1 | Страна | Германия | ETIM | EC001578 | Дополнительное описание | Бухта кабеля | Подробное описание материала 1 | Кабель/провод/шнур гибкий"
1566239,https://s3.iautomatica.ru/iblock/e3d/e3d23cb3-c4dc-11e8-8109-0cc47a73967f_f6d86e53-a959-11ea-811a-0cc47a73967f.resize1.jpeg,74 188,"Бухта кабеля SAC-4P-100,0-800/0,34"," Минимальное количество поставки | 1 | Количество в упаковке | 1 | Артикул | 1566239 | Вес | 1 | Страна | Германия | ETIM | EC001578 | Дополнительное описание | Бухта кабеля | Подробное описание материала 1 | Кабель/провод/шнур гибкий"
1566242,https://s3.iautomatica.ru/iblock/e3d/e3d23cb3-c4dc-11e8-8109-0cc47a73967f_f6d86e53-a959-11ea-811a-0cc47a73967f.resize1.jpeg,68 724,"Бухта кабеля SAC-3P-100,0-800/0,34"," Минимальное количество поставки | 1 | Количество в упаковке | 1 | Артикул | 1566242 | Вес | 1 | Страна | Германия | ETIM | EC001578 | Дополнительное описание | Бухта кабеля | Подробное описание материала 1 | Кабель/провод/шнур гибкий"
1558399,https://s3.iautomatica.ru/iblock/2d7/e3d23c7b-c4dc-11e8-8109-0cc47a73967f_f6d86e31-a959-11ea-811a-0cc47a73967f.resize1.jpeg,17 597,"Системный кабель шины SAC-4P-15,0-990/M12FS"," Минимальное количество поставки | 50 | Количество в упаковке | 1 | Артикул | 1558399 | Вес | 1 | Страна | Германия | ETIM | EC000830 | Дополнительное описание | Системный кабель шины | Подробное описание материала 1 | Кабель связи для передачи данных"
1558409,https://s3.iautomatica.ru/iblock/30c/e3d23c85-c4dc-11e8-8109-0cc47a73967f_f6d86e36-a959-11ea-811a-0cc47a73967f.resize1.jpeg,7 897,"Системный кабель шины SAC-4P-M12MS/ 0,3-990/M12FS"," Минимальное количество поставки | 50 | Количество в упаковке | 1 | Артикул | 1558409 | Вес | 1 | Страна | Германия | ETIM | EC000830 | Дополнительное описание | Системный кабель шины | Подробное описание материала 1 | Кабель связи для передачи данных"
1558441,https://s3.iautomatica.ru/iblock/30c/e3d23c85-c4dc-11e8-8109-0cc47a73967f_f6d86e36-a959-11ea-811a-0cc47a73967f.resize1.jpeg,12 292,"Системный кабель шины SAC-4P-M12MS/ 5,0-990/M12FS"," Минимальное количество поставки | 50 | Количество в упаковке | 1 | Артикул | 1558441 | Вес | 1 | Страна | Германия | ETIM | EC000830 | Дополнительное описание | Системный кабель шины | Подробное описание материала 1 | Кабель связи для передачи данных"
1575822,https://s3.iautomatica.ru/iblock/161/e3d23cef-c4dc-11e8-8109-0cc47a73967f_f6d86e79-a959-11ea-811a-0cc47a73967f.resize1.jpeg,7 311,"Системный кабель шины SAC-5P-M 8MS/ 0,3-920/M 8FS"," Минимальное количество поставки | 1 | Количество в упаковке | 1 | Артикул | 1575822 | Вес | 1 | Страна | Германия | ETIM | EC000830 | Дополнительное описание | Системный кабель шины | Подробное описание материала 1 | Кабель связи для передачи данных"
1575835,https://s3.iautomatica.ru/iblock/161/e3d23cef-c4dc-11e8-8109-0cc47a73967f_f6d86e79-a959-11ea-811a-0cc47a73967f.resize1.jpeg,7 489,"Системный кабель шины SAC-5P-M 8MS/ 0,5-920/M 8FS"," Минимальное количество поставки | 1 | Количество в упаковке | 1 | Артикул | 1575835 | Вес | 1 | Страна | Германия | ETIM | EC000830 | Дополнительное описание | Системный кабель шины | Подробное описание материала 1 | Кабель связи для передачи данных"
1558454,https://s3.iautomatica.ru/iblock/30c/e3d23c85-c4dc-11e8-8109-0cc47a73967f_f6d86e36-a959-11ea-811a-0cc47a73967f.resize1.jpeg,16 974,"Системный кабель шины SAC-4P-M12MS/10,0-990/M12FS"," Минимальное количество поставки | 50 | Количество в упаковке | 1 | Артикул | 1558454 | Вес | 1 | Страна | Германия | ETIM | EC000830 | Дополнительное описание | Системный кабель шины | Подробное описание материала 1 | Кабель связи для передачи данных"
2949677,https://s3.iautomatica.ru/iblock/48a/89fc647b-c4dd-11e8-8109-0cc47a73967f_96f52428-a95b-11ea-811a-0cc47a73967f.resize1.jpeg,11 271,Индикаторный модуль EMG 22-LA 7S/230," Минимальное количество поставки | 1 | Количество в упаковке | 10 | Артикул | 2949677 | ETIM | EC000996 | Дополнительное описание | CK4M21 | Подробное описание материала 1 | Модуль светодиодный (LED)"
2952305,https://s3.iautomatica.ru/iblock/8a8/89fc647d-c4dd-11e8-8109-0cc47a73967f_96f52433-a95b-11ea-811a-0cc47a73967f.resize1.jpeg,9 147,Индикаторный модуль EMG 22-LED 7S/24," Минимальное количество поставки | 1 | Количество в упаковке | 10 | Артикул | 2952305 | ETIM | EC000996 | Дополнительное описание | CK4M21 | Подробное описание материала 1 | Модуль светодиодный (LED)"
2952334,https://s3.iautomatica.ru/iblock/67f/c5199fdf-9ef5-11e4-830c-50465db50169_96f52434-a95b-11ea-811a-0cc47a73967f.resize1.jpeg,14 452,EMG 45-LED 14S/24," Минимальное количество поставки | 1 | Количество в упаковке | 5 | Артикул | 2952334 | ETIM | EC000996 | Дополнительное описание | CK4M21 | Подробное описание материала 1 | Модуль светодиодный (LED)"
5054208,https://s3.iautomatica.ru/iblock/32c/2f877b44-9ef5-11e4-830c-50465db50169_213dc74e-b23d-11ea-811a-0cc47a73967f.resize1.jpeg,34 972,Дисплей ACCES.TOOL SET C DISPLAY SMALL," Минимальное количество поставки | 1 | Количество в упаковке | 1 | Артикул | 5054208 | Вес | 1 | Страна | Германия | ETIM | EC000524 | Дополнительное описание | Дисплей | Подробное описание материала 1 | Набор (в боксе) установочного и соединительного материала"
5145180,https://s3.iautomatica.ru/iblock/624/6a3dabd4-c4dd-11e8-8109-0cc47a73967f_3d553be0-a95b-11ea-811a-0cc47a73967f.resize1.jpeg,12 893,Контейнер SORTI 4/8," Минимальное количество поставки | 1 | Количество в упаковке | 1 | Артикул | 5145180 | Вес | 1 | Страна | Германия | ETIM | EC000524 | Дополнительное описание | Контейнер | Подробное описание материала 1 | Набор (в боксе) установочного и соединительного материала"
5054203,https://s3.iautomatica.ru/iblock/32c/2f877b44-9ef5-11e4-830c-50465db50169_213dc74e-b23d-11ea-811a-0cc47a73967f.resize1.jpeg,17 878,Принадлежности для инструмента GLASS SHELF BIG," Минимальное количество поставки | 1 | Количество в упаковке | 1 | Артикул | 5054203 | Вес | 1 | Страна | Германия | ETIM | EC000524 | Дополнительное описание | Принадлежности для инструмента | Подробное описание материала 1 | Набор (в боксе) установочного и соединительного материала"
5054209,https://s3.iautomatica.ru/iblock/32c/2f877b44-9ef5-11e4-830c-50465db50169_213dc74e-b23d-11ea-811a-0cc47a73967f.resize1.jpeg,54 398,Дисплей ACCES.TOOL SET A DISPLAY BIG," Минимальное количество поставки | 1 | Количество в упаковке | 1 | Артикул | 5054209 | Вес | 1 | Страна | Германия | ETIM | EC000524 | Дополнительное описание | Дисплей | Подробное описание материала 1 | Набор (в боксе) установочного и соединительного материала"
5054205,https://s3.iautomatica.ru/iblock/32c/2f877b44-9ef5-11e4-830c-50465db50169_213dc74e-b23d-11ea-811a-0cc47a73967f.resize1.jpeg,936,Принадлежности для инструмента HOOK 300MM," Минимальное количество поставки | 1 | Количество в упаковке | 1 | Артикул | 5054205 | Вес | 1 | Страна | Германия | ETIM | EC000524 | Дополнительное описание | Принадлежности для инструмента | Подробное описание материала 1 | Набор (в боксе) установочного и соединительного материала"
5054207,https://s3.iautomatica.ru/iblock/32c/2f877b44-9ef5-11e4-830c-50465db50169_213dc74e-b23d-11ea-811a-0cc47a73967f.resize1.jpeg,42 739,Дисплей ACCES.TOOL SET B DISPLAY SMALL," Минимальное количество поставки | 1 | Количество в упаковке | 1 | Артикул | 5054207 | Вес | 1 | Страна | Германия | ETIM | EC000524 | Дополнительное описание | Дисплей | Подробное описание материала 1 | Набор (в боксе) установочного и соединительного материала"
5054210,https://s3.iautomatica.ru/iblock/32c/2f877b44-9ef5-11e4-830c-50465db50169_213dc74e-b23d-11ea-811a-0cc47a73967f.resize1.jpeg,54 398,Дисплей ACCES.TOOL SET B DISPLAY BIG," Минимальное количество поставки | 1 | Количество в упаковке | 1 | Артикул | 5054210 | Вес | 1 | Страна | Германия | ETIM | EC000524 | Дополнительное описание | Дисплей | Подробное описание материала 1 | Набор (в боксе) установочного и соединительного материала"
5054211,https://s3.iautomatica.ru/iblock/32c/2f877b44-9ef5-11e4-830c-50465db50169_213dc74e-b23d-11ea-811a-0cc47a73967f.resize1.jpeg,77 708,Дисплей ACCES.TOOL SET C DISPLAY BIG," Минимальное количество поставки | 1 | Количество в упаковке | 1 | Артикул | 5054211 | Вес | 1 | Страна | Германия | ETIM | EC000524 | Дополнительное описание | Дисплей | Подробное описание материала 1 | Набор (в боксе) установочного и соединительного материала"
5054204,https://s3.iautomatica.ru/iblock/32c/2f877b44-9ef5-11e4-830c-50465db50169_213dc74e-b23d-11ea-811a-0cc47a73967f.resize1.jpeg,15 546,Принадлежности для инструмента GLASS SHELF SMALL," Минимальное количество поставки | 1 | Количество в упаковке | 1 | Артикул | 5054204 | Вес | 1 | Страна | Германия | ETIM | EC000524 | Дополнительное описание | Принадлежности для инструмента | Подробное описание материала 1 | Набор (в боксе) установочного и соединительного материала"
5054206,https://s3.iautomatica.ru/iblock/32c/2f877b44-9ef5-11e4-830c-50465db50169_213dc74e-b23d-11ea-811a-0cc47a73967f.resize1.jpeg,46 624,Дисплей ACCES.TOOL SET A DISPLAY SMALL," Минимальное количество поставки | 1 | Количество в упаковке | 1 | Артикул | 5054206 | Вес | 1 | Страна | Германия | ETIM | EC000524 | Дополнительное описание | Дисплей | Подробное описание материала 1 | Набор (в боксе) установочного и соединительного материала"
5054200,https://s3.iautomatica.ru/iblock/32c/2f877b44-9ef5-11e4-830c-50465db50169_213dc74e-b23d-11ea-811a-0cc47a73967f.resize1.jpeg,466 238,Торговая рекламная витрина SALES DISPLAY SMALL," Минимальное количество поставки | 1 | Количество в упаковке | 1 | Артикул | 5054200 | Вес | 1 | Страна | Германия | ETIM | EC000524 | Дополнительное описание | Торговая рекламная витрина | Подробное описание материала 1 | Набор (в боксе) установочного и соединительного материала"
5054201,https://s3.iautomatica.ru/iblock/32c/2f877b44-9ef5-11e4-830c-50465db50169_213dc74e-b23d-11ea-811a-0cc47a73967f.resize1.jpeg,505 092,Торговая рекламная витрина SALES DISPLAY BIG," Минимальное количество поставки | 1 | Количество в упаковке | 1 | Артикул | 5054201 | Вес | 1 | Страна | Германия | ETIM | EC000524 | Дополнительное описание | Торговая рекламная витрина | Подробное описание материала 1 | Набор (в боксе) установочного и соединительного материала"
1202072,https://s3.iautomatica.ru/iblock/86a/5d903e7c-c4dd-11e8-8109-0cc47a73967f_1ff4a55a-a95b-11ea-811a-0cc47a73967f.resize1.jpeg,86 574,Комплект инструментов CRIMPSET 6," Минимальное количество поставки | 1 | Количество в упаковке | 1 | Артикул | 1202072 | ETIM | EC000524 | Дополнительное описание | BG3511 | Подробное описание материала 1 | Набор (в боксе) установочного и соединительного материала"
1204041,https://s3.iautomatica.ru/iblock/efa/5d903e82-c4dd-11e8-8109-0cc47a73967f_1ff4a570-a95b-11ea-811a-0cc47a73967f.resize1.jpeg,14 156,Контейнер CRIMPSET 6/25 LEER," Минимальное количество поставки | 1 | Количество в упаковке | 1 | Артикул | 1204041 | ETIM | EC000524 | Дополнительное описание | BG3512 | Подробное описание материала 1 | Набор (в боксе) установочного и соединительного материала"
3241132,https://s3.iautomatica.ru/iblock/7d7/709e841c-c4dd-11e8-8109-0cc47a73967f_538fc6cf-a95b-11ea-811a-0cc47a73967f.resize1.jpeg,6 351,Гайки WP-CN PA M12," Минимальное количество поставки | 100 | Количество в упаковке | 100 | Артикул | 3241132 | Вес | 1 | Страна | Германия | ETIM | EC000129 | Дополнительное описание | Гайки | Подробное описание материала 1 | Шестигранная гайка"
3241153,https://s3.iautomatica.ru/iblock/885/709e842c-c4dd-11e8-8109-0cc47a73967f_538fc6e0-a95b-11ea-811a-0cc47a73967f.resize1.jpeg,6 351,Гайки WP-CN BRASS PG9," Минимальное количество поставки | 100 | Количество в упаковке | 100 | Артикул | 3241153 | Вес | 1 | Страна | Германия | ETIM | EC000129 | Дополнительное описание | Гайки | Подробное описание материала 1 | Шестигранная гайка"
0833035,https://s3.iautomatica.ru/iblock/dc2/4a8cd5df-c4dd-11e8-8109-0cc47a73967f_dd8df697-a95a-11ea-811a-0cc47a73967f.resize1.jpeg,334,Маркировка для клеммных модулей UM1-TM (5X12) RD," Минимальное количество поставки | 10 | Количество в упаковке | 10 | Артикул | 0833035 | Вес | 1 | Страна | Германия | ETIM | EC000761 | Дополнительное описание | Маркировка для клеммных модулей | Подробное описание материала 1 | Маркировка для клеммной колодки/ клеммного блока"
0833043,https://s3.iautomatica.ru/iblock/18d/4a8cd5ef-c4dd-11e8-8109-0cc47a73967f_e4fe3b05-a95a-11ea-811a-0cc47a73967f.resize1.jpeg,334,Маркировка для клеммных модулей UM1-TM (6X10) BU," Минимальное количество поставки | 10 | Количество в упаковке | 10 | Артикул | 0833043 | Вес | 1 | Страна | Германия | ETIM | EC000761 | Дополнительное описание | Маркировка для клеммных модулей | Подробное описание материала 1 | Маркировка для клеммной колодки/ клеммного блока"
0833041,https://s3.iautomatica.ru/iblock/b4b/4a8cd5eb-c4dd-11e8-8109-0cc47a73967f_dd8df69d-a95a-11ea-811a-0cc47a73967f.resize1.jpeg,334,Маркировка для клеммных модулей UM1-TM (6X10) OG," Минимальное количество поставки | 10 | Количество в упаковке | 10 | Артикул | 0833041 | Вес | 1 | Страна | Германия | ETIM | EC000761 | Дополнительное описание | Маркировка для клеммных модулей | Подробное описание материала 1 | Маркировка для клеммной колодки/ клеммного блока"
0833044,https://s3.iautomatica.ru/iblock/1e3/4a8cd5f1-c4dd-11e8-8109-0cc47a73967f_e4fe3b06-a95a-11ea-811a-0cc47a73967f.resize1.jpeg,334,Маркировка для клеммных модулей UM1-TM (6X10) GN," Минимальное количество поставки | 10 | Количество в упаковке | 10 | Артикул | 0833044 | Вес | 1 | Страна | Германия | ETIM | EC000761 | Дополнительное описание | Маркировка для клеммных модулей | Подробное описание материала 1 | Маркировка для клеммной колодки/ клеммного блока"
0833042,https://s3.iautomatica.ru/iblock/954/4a8cd5ed-c4dd-11e8-8109-0cc47a73967f_dd8df69e-a95a-11ea-811a-0cc47a73967f.resize1.jpeg,334,Маркировка для клеммных модулей UM1-TM (6X10) YE," Минимальное количество поставки | 10 | Количество в упаковке | 10 | Артикул | 0833042 | Вес | 1 | Страна | Германия | ETIM | EC000761 | Дополнительное описание | Маркировка для клеммных модулей | Подробное описание материала 1 | Маркировка для клеммной колодки/ клеммного блока"
0833038,https://s3.iautomatica.ru/iblock/e9c/4a8cd5e5-c4dd-11e8-8109-0cc47a73967f_dd8df69a-a95a-11ea-811a-0cc47a73967f.resize1.jpeg,334,Маркировка для клеммных модулей UM1-TM (5X12) BU," Минимальное количество поставки | 10 | Количество в упаковке | 10 | Артикул | 0833038 | Вес | 1 | Страна | Германия | ETIM | EC000761 | Дополнительное описание | Маркировка для клеммных модулей | Подробное описание материала 1 | Маркировка для клеммной колодки/ клеммного блока"
0833037,https://s3.iautomatica.ru/iblock/8c3/4a8cd5e3-c4dd-11e8-8109-0cc47a73967f_dd8df699-a95a-11ea-811a-0cc47a73967f.resize1.jpeg,334,Маркировка для клеммных модулей UM1-TM (5X12) YE," Минимальное количество поставки | 10 | Количество в упаковке | 10 | Артикул | 0833037 | Вес | 1 | Страна | Германия | ETIM | EC000761 | Дополнительное описание | Маркировка для клеммных модулей | Подробное описание материала 1 | Маркировка для клеммной колодки/ клеммного блока"
0833040,https://s3.iautomatica.ru/iblock/d30/4a8cd5e9-c4dd-11e8-8109-0cc47a73967f_dd8df69c-a95a-11ea-811a-0cc47a73967f.resize1.jpeg,334,Маркировка для клеммных модулей UM1-TM (6X10) RD," Минимальное количество поставки | 10 | Количество в упаковке | 10 | Артикул | 0833040 | Вес | 1 | Страна | Германия | ETIM | EC000761 | Дополнительное описание | Маркировка для клеммных модулей | Подробное описание материала 1 | Маркировка для клеммной колодки/ клеммного блока"
0833039,https://s3.iautomatica.ru/iblock/e4c/4a8cd5e7-c4dd-11e8-8109-0cc47a73967f_dd8df69b-a95a-11ea-811a-0cc47a73967f.resize1.jpeg,334,Маркировка для клеммных модулей UM1-TM (5X12) GN," Минимальное количество поставки | 10 | Количество в упаковке | 10 | Артикул | 0833039 | Вес | 1 | Страна | Германия | ETIM | EC000761 | Дополнительное описание | Маркировка для клеммных модулей | Подробное описание материала 1 | Маркировка для клеммной колодки/ клеммного блока"
0833048,https://s3.iautomatica.ru/iblock/3f8/4a8cd5f9-c4dd-11e8-8109-0cc47a73967f_e4fe3b0a-a95a-11ea-811a-0cc47a73967f.resize1.jpeg,334,Маркировка для клеммных модулей UM1U-TM (6X10) BU," Минимальное количество поставки | 10 | Количество в упаковке | 10 | Артикул | 0833048 | Вес | 1 | Страна | Германия | ETIM | EC000761 | Дополнительное описание | Маркировка для клеммных модулей | Подробное описание материала 1 | Маркировка для клеммной колодки/ клеммного блока"
0833036,https://s3.iautomatica.ru/iblock/a9e/50dc20ef-c4dd-11e8-8109-0cc47a73967f_e4fe3b20-a95a-11ea-811a-0cc47a73967f.resize1.jpeg,334,Маркировка для клеммных модулей UM1-TM (5X12) OG," Минимальное количество поставки | 10 | Количество в упаковке | 10 | Артикул | 0833036 | Вес | 1 | Страна | Германия | ETIM | EC000761 | Дополнительное описание | Маркировка для клеммных модулей | Подробное описание материала 1 | Маркировка для клеммной колодки/ клеммного блока"
0833045,https://s3.iautomatica.ru/iblock/dc3/4a8cd5f3-c4dd-11e8-8109-0cc47a73967f_e4fe3b07-a95a-11ea-811a-0cc47a73967f.resize1.jpeg,334,Маркировка для клеммных модулей UM1U-TM (6X10) RD," Минимальное количество поставки | 10 | Количество в упаковке | 10 | Артикул | 0833045 | Вес | 1 | Страна | Германия | ETIM | EC000761 | Дополнительное описание | Маркировка для клеммных модулей | Подробное описание материала 1 | Маркировка для клеммной колодки/ клеммного блока"
0833046,https://s3.iautomatica.ru/iblock/99e/4a8cd5f5-c4dd-11e8-8109-0cc47a73967f_e4fe3b08-a95a-11ea-811a-0cc47a73967f.resize1.jpeg,334,Маркировка для клеммных модулей UM1U-TM (6X10) OG," Минимальное количество поставки | 10 | Количество в упаковке | 10 | Артикул | 0833046 | Вес | 1 | Страна | Германия | ETIM | EC000761 | Дополнительное описание | Маркировка для клеммных модулей | Подробное описание материала 1 | Маркировка для клеммной колодки/ клеммного блока"
0833047,https://s3.iautomatica.ru/iblock/d4a/4a8cd5f7-c4dd-11e8-8109-0cc47a73967f_e4fe3b09-a95a-11ea-811a-0cc47a73967f.resize1.jpeg,334,Маркировка для клеммных модулей UM1U-TM (6X10) YE," Минимальное количество поставки | 10 | Количество в упаковке | 10 | Артикул | 0833047 | Вес | 1 | Страна | Германия | ETIM | EC000761 | Дополнительное описание | Маркировка для клеммных модулей | Подробное описание материала 1 | Маркировка для клеммной колодки/ клеммного блока"
0833049,https://s3.iautomatica.ru/iblock/b9a/4a8cd5fb-c4dd-11e8-8109-0cc47a73967f_e4fe3b0b-a95a-11ea-811a-0cc47a73967f.resize1.jpeg,334,Маркировка для клеммных модулей UM1U-TM (6X10) GN," Минимальное количество поставки | 10 | Количество в упаковке | 10 | Артикул | 0833049 | Вес | 1 | Страна | Германия | ETIM | EC000761 | Дополнительное описание | Маркировка для клеммных модулей | Подробное описание материала 1 | Маркировка для клеммной колодки/ клеммного блока"
0833025,https://s3.iautomatica.ru/iblock/c22/4a8cd5cb-c4dd-11e8-8109-0cc47a73967f_dd8df68d-a95a-11ea-811a-0cc47a73967f.resize1.jpeg,334,Маркировка для клеммных модулей UM1-TM (5X10) RD," Минимальное количество поставки | 10 | Количество в упаковке | 10 | Артикул | 0833025 | Вес | 1 | Страна | Германия | ETIM | EC000761 | Дополнительное описание | Маркировка для клеммных модулей | Подробное описание материала 1 | Маркировка для клеммной колодки/ клеммного блока"
2800246,https://s3.iautomatica.ru/iblock/855/96ad4c62-c4dd-11e8-8109-0cc47a73967f_c3e3eede-a95b-11ea-811a-0cc47a73967f.resize1.jpeg,7 512,"Базовый элемент для защиты от перенапряжений, тип 2 VAL-MS/2+0-BE/FM/S2"," Минимальное количество поставки | 1 | Количество в упаковке | 1 | Артикул | 2800246 | Вес | 1 | Страна | Германия | ETIM | EC000472 | Дополнительное описание | Базовый элемент для защиты от перенапряжений, тип 2 | Подробное описание материала 1 | Базовый элемент устройства защиты от избыточного напряжения"
2800116,https://s3.iautomatica.ru/iblock/f71/96ad4c60-c4dd-11e8-8109-0cc47a73967f_bc42be77-a95b-11ea-811a-0cc47a73967f.resize1.jpeg,64 559,"Молниезащитный разрядник, тип 1 FLT-PLUS"," Минимальное количество поставки | 1 | Количество в упаковке | 1 | Артикул | 2800116 | Вес | 1 | Страна | Германия | ETIM | EC000381 | Дополнительное описание | Комбинированный разрядник типа 1/2 | Подробное описание материала 1 | Разрядник для молниезащиты систем энергоснабжения"
2800103,https://s3.iautomatica.ru/iblock/e20/96ad4c5e-c4dd-11e8-8109-0cc47a73967f_bc42be73-a95b-11ea-811a-0cc47a73967f.resize1.jpeg,20 539,"Разрядник для защиты от импульсных перенапряжений, тип 2 VAL-MS 230/2+0"," Минимальное количество поставки | 1 | Количество в упаковке | 1 | Артикул | 2800103 | ETIM | EC000941 | Дополнительное описание | CL1321 | Подробное описание материала 1 | Устройство защиты от перенапряжения для систем энергоснабжения"
1019121,https://s3.iautomatica.ru/iblock/9b4/96ad4c2e-c4dd-11e8-8109-0cc47a73967f_bc42be6a-a95b-11ea-811a-0cc47a73967f.resize1.jpeg,6 567,"Штекерный модуль для защиты от перенапряжений, тип 2 VAL-MS 1000DC-PV-ST/4"," Минимальное количество поставки | 4 | Количество в упаковке | 4 | Артикул | 1019121 | Вес | 1 | Страна | Германия | ETIM | EC000941 | Дополнительное описание | Штекерный модуль для защиты от перенапряжений, тип 2 | Подробное описание материала 1 | Устройство защиты от перенапряжения для систем энергоснабжения"
2801636,https://s3.iautomatica.ru/iblock/3f9/9d09e030-c4dd-11e8-8109-0cc47a73967f_c3e3ef0b-a95b-11ea-811a-0cc47a73967f.resize1.jpeg,62 826,"Молниезащитный разрядник, тип 1 FLT 35 CTRL-4.0/I"," Минимальное количество поставки | 1 | Количество в упаковке | 1 | Артикул | 2801636 | Вес | 1 | Страна | Германия | ETIM | EC000381 | Дополнительное описание | Комбинированный разрядник типа 1/2 | Подробное описание материала 1 | Разрядник для молниезащиты систем энергоснабжения"
2801163,https://s3.iautomatica.ru/iblock/7ce/9d09e02a-c4dd-11e8-8109-0cc47a73967f_c3e3ef00-a95b-11ea-811a-0cc47a73967f.resize1.jpeg,25 870,Молниеотвод / разрядник для защиты от импульсных перенапряжений типа 1/2 VAL-MS-T1/T2 600DC-PV/2+V," Минимальное количество поставки | 1 | Количество в упаковке | 1 | Артикул | 2801163 | Вес | 1 | Страна | Германия | ETIM | EC000381 | Дополнительное описание | Молниеотвод / разрядник для защиты от импульсных перенапряжений типа 1/2 | Подробное описание материала 1 | Разрядник для молниезащиты систем энергоснабжения"
2801162,https://s3.iautomatica.ru/iblock/db1/9d09e028-c4dd-11e8-8109-0cc47a73967f_c3e3eeff-a95b-11ea-811a-0cc47a73967f.resize1.jpeg,7 038,"Штекерный модуль для защиты от перенапряжений, тип 1/2 VAL-MS-T1/T2 1000DC-PV-ST"," Минимальное количество поставки | 1 | Количество в упаковке | 1 | Артикул | 2801162 | Вес | 1 | Страна | Германия | ETIM | EC000381 | Дополнительное описание | Штекерный модуль для защиты от перенапряжений, тип 1/2 | Подробное описание материала 1 | Разрядник для молниезащиты систем энергоснабжения"
2801637,https://s3.iautomatica.ru/iblock/913/9d09e032-c4dd-11e8-8109-0cc47a73967f_c3e3ef0c-a95b-11ea-811a-0cc47a73967f.resize1.jpeg,56 930,"Молниезащитный разрядник, тип 1 FLT 50 N/PE CTRL-4.0"," Минимальное количество поставки | 1 | Количество в упаковке | 1 | Артикул | 2801637 | Вес | 1 | Страна | Германия | ETIM | EC000381 | Дополнительное описание | Комбинированный разрядник типа 1/2 | Подробное описание материала 1 | Разрядник для молниезащиты систем энергоснабжения"
2801635,https://s3.iautomatica.ru/iblock/3f9/9d09e030-c4dd-11e8-8109-0cc47a73967f_c3e3ef0b-a95b-11ea-811a-0cc47a73967f.resize1.jpeg,56 930,"Молниезащитный разрядник, тип 1 FLT 35 CTRL-4.0"," Минимальное количество поставки | 1 | Количество в упаковке | 1 | Артикул | 2801635 | Вес | 1 | Страна | Германия | ETIM | EC000381 | Дополнительное описание | Комбинированный разрядник типа 1/2 | Подробное описание материала 1 | Разрядник для молниезащиты систем энергоснабжения"
2801165,https://s3.iautomatica.ru/iblock/4b1/9d09e02c-c4dd-11e8-8109-0cc47a73967f_c3e3ef02-a95b-11ea-811a-0cc47a73967f.resize1.jpeg,7 038,"Штекерный модуль для защиты от перенапряжений, тип 1/2 VAL-MS-T1/T2 600DC-PV-ST"," Минимальное количество поставки | 1 | Количество в упаковке | 1 | Артикул | 2801165 | Вес | 1 | Страна | Германия | ETIM | EC000381 | Дополнительное описание | Штекерный модуль для защиты от перенапряжений, тип 1/2 | Подробное описание материала 1 | Разрядник для молниезащиты систем энергоснабжения"
2804403,https://s3.iautomatica.ru/iblock/4b8/9d09e034-c4dd-11e8-8109-0cc47a73967f_c3e3ef10-a95b-11ea-811a-0cc47a73967f.resize1.jpeg,106 635,"Разрядник для защиты от импульсных перенапряжений, тип 2 VAL-CP-MOSO 60-3S-FM"," Минимальное количество поставки | 1 | Количество в упаковке | 1 | Артикул | 2804403 | Вес | 1 | Страна | Германия | ETIM | EC000941 | Дополнительное описание | Разрядник для защиты от импульсных перенапряжений, тип 2 | Подробное описание материала 1 | Устройство защиты от перенапряжения для систем энергоснабжения"
2801047,https://s3.iautomatica.ru/iblock/083/9d09e020-c4dd-11e8-8109-0cc47a73967f_c3e3eefa-a95b-11ea-811a-0cc47a73967f.resize1.jpeg,5 201,Базовый элемент VAL-MS-T1/T2 BE-FM," Минимальное количество поставки | 10 | Количество в упаковке | 10 | Артикул | 2801047 | Вес | 1 | Страна | Германия | ETIM | EC000472 | Дополнительное описание | Базовый элемент | Подробное описание материала 1 | Базовый элемент устройства защиты от избыточного напряжения"
2801042,https://s3.iautomatica.ru/iblock/91b/9d09e01c-c4dd-11e8-8109-0cc47a73967f_c3e3eef8-a95b-11ea-811a-0cc47a73967f.resize1.jpeg,15 597,Молниеотвод / разрядник для защиты от импульсных перенапряжений типа 1/2 VAL-MS-T1/T2 335/12.5/1+0-FM," Минимальное количество поставки | 1 | Количество в упаковке | 1 | Артикул | 2801042 | Вес | 1 | Страна | Германия | ETIM | EC000381 | Дополнительное описание | Молниеотвод / разрядник для защиты от импульсных перенапряжений типа 1/2 | Подробное описание материала 1 | Разрядник для молниезащиты систем энергоснабжения"
2801161,https://s3.iautomatica.ru/iblock/6a8/9d09e026-c4dd-11e8-8109-0cc47a73967f_c3e3eefe-a95b-11ea-811a-0cc47a73967f.resize1.jpeg,31 427,Молниеотвод / разрядник для защиты от импульсных перенапряжений типа 1/2 VAL-MS-T1/T2 1000DC-PV/2+V-FM," Минимальное количество поставки | 1 | Количество в упаковке | 1 | Артикул | 2801161 | Вес | 1 | Страна | Германия | ETIM | EC000381 | Дополнительное описание | Молниеотвод / разрядник для защиты от импульсных перенапряжений типа 1/2 | Подробное описание материала 1 | Разрядник для молниезащиты систем энергоснабжения"
2801136,https://s3.iautomatica.ru/iblock/d1e/9d09e022-c4dd-11e8-8109-0cc47a73967f_c3e3eefc-a95b-11ea-811a-0cc47a73967f.resize1.jpeg,15 977,Молниеотвод / разрядник для защиты от импульсных перенапряжений типа 1/2 F-MS-T1/T2 50," Минимальное количество поставки | 1 | Количество в упаковке | 1 | Артикул | 2801136 | Вес | 1 | Страна | Германия | ETIM | EC000381 | Дополнительное описание | Молниеотвод / разрядник для защиты от импульсных перенапряжений типа 1/2 | Подробное описание материала 1 | Разрядник для молниезащиты систем энергоснабжения"
2801046,https://s3.iautomatica.ru/iblock/7f5/9d09e01e-c4dd-11e8-8109-0cc47a73967f_c3e3eef9-a95b-11ea-811a-0cc47a73967f.resize1.jpeg,3 619,Базовый элемент VAL-MS-T1/T2 BE," Минимальное количество поставки | 10 | Количество в упаковке | 10 | Артикул | 2801046 | Вес | 1 | Страна | Германия | ETIM | EC000381 | Дополнительное описание | Базовый элемент | Подробное описание материала 1 | Разрядник для молниезащиты систем энергоснабжения"
0801645,https://s3.iautomatica.ru/iblock/a1e/e3d23d99-c4dc-11e8-8109-0cc47a73967f_0d13eda3-a95a-11ea-811a-0cc47a73967f.resize1.jpeg,2 616,Компонент для закрытия отверстий CES-B10-SFC-M," Минимальное количество поставки | 1 | Количество в упаковке | 10 | Артикул | 0801645 | Вес | 1 | Страна | Германия | ETIM | EC002309 | Дополнительное описание | Компонент для закрытия отверстий | Подробное описание материала 1 | Соединительная плата/адаптер для промышленных разъемов"
0801641,https://s3.iautomatica.ru/iblock/a1e/e3d23d99-c4dc-11e8-8109-0cc47a73967f_0d13eda3-a95a-11ea-811a-0cc47a73967f.resize1.jpeg,3 357,Компонент для закрытия отверстий CES-B24-SFC-M," Минимальное количество поставки | 1 | Количество в упаковке | 10 | Артикул | 0801641 | Вес | 1 | Страна | Германия | ETIM | EC002309 | Дополнительное описание | Компонент для закрытия отверстий | Подробное описание материала 1 | Соединительная плата/адаптер для промышленных разъемов"
0801642,https://s3.iautomatica.ru/iblock/9c9/e3d23d9b-c4dc-11e8-8109-0cc47a73967f_0d13eda4-a95a-11ea-811a-0cc47a73967f.resize1.jpeg,2 987,Компонент для закрытия отверстий CES-B16-SFC-M," Минимальное количество поставки | 1 | Количество в упаковке | 10 | Артикул | 0801642 | Вес | 1 | Страна | Германия | ETIM | EC002309 | Дополнительное описание | Компонент для закрытия отверстий | Подробное описание материала 1 | Соединительная плата/адаптер для промышленных разъемов"
1582548,https://s3.iautomatica.ru/iblock/1cd/e3d23d1f-c4dc-11e8-8109-0cc47a73967f_fe589691-a959-11ea-811a-0cc47a73967f.resize1.jpeg,2 351,"Кабельный соединитель QPD CW 3PE2,5 1X6-10 BK"," Минимальное количество поставки | 1 | Количество в упаковке | 1 | Артикул | 1582548 | Вес | 1 | Страна | Германия | ETIM | EC002560 | Дополнительное описание | Кабельный соединитель | Подробное описание материала 1 | Штекерный разъём (соединитель) для подключения в зданиях"
1582536,https://s3.iautomatica.ru/iblock/1cd/e3d23d1f-c4dc-11e8-8109-0cc47a73967f_fe589691-a959-11ea-811a-0cc47a73967f.resize1.jpeg,2 351,"Кабельный соединитель QPD CW 4X2,5/1X6-10 GY"," Минимальное количество поставки | 1 | Количество в упаковке | 1 | Артикул | 1582536 | Вес | 1 | Страна | Германия | ETIM | EC002560 | Дополнительное описание | Кабельный соединитель | Подробное описание материала 1 | Штекерный разъём (соединитель) для подключения в зданиях"
1582545,https://s3.iautomatica.ru/iblock/1cd/e3d23d1f-c4dc-11e8-8109-0cc47a73967f_fe589691-a959-11ea-811a-0cc47a73967f.resize1.jpeg,2 351,"Кабельный соединитель QPD CW 3PE2,5 1X9-14 BK"," Минимальное количество поставки | 1 | Количество в упаковке | 1 | Артикул | 1582545 | Вес | 1 | Страна | Германия | ETIM | EC002560 | Дополнительное описание | Кабельный соединитель | Подробное описание материала 1 | Штекерный разъём (соединитель) для подключения в зданиях"
1582530,https://s3.iautomatica.ru/iblock/c51/e3d23d1d-c4dc-11e8-8109-0cc47a73967f_fe589690-a959-11ea-811a-0cc47a73967f.resize1.jpeg,3 045,"Кабельный соединитель QPD CW 4X2,5/2X6-10 GY"," Минимальное количество поставки | 1 | Количество в упаковке | 1 | Артикул | 1582530 | Вес | 1 | Страна | Германия | ETIM | EC002560 | Дополнительное описание | Кабельный соединитель | Подробное описание материала 1 | Штекерный разъём (соединитель) для подключения в зданиях"
1582442,https://s3.iautomatica.ru/iblock/fe0/e3d23d19-c4dc-11e8-8109-0cc47a73967f_fe58968a-a959-11ea-811a-0cc47a73967f.resize1.jpeg,667,"Гайки QPD N 2,5 9-14 GY"," Минимальное количество поставки | 1 | Количество в упаковке | 1 | Артикул | 1582442 | Вес | 1 | Страна | Германия | ETIM | EC002560 | Дополнительное описание | Гайки | Подробное описание материала 1 | Штекерный разъём (соединитель) для подключения в зданиях"
1582533,https://s3.iautomatica.ru/iblock/1cd/e3d23d1f-c4dc-11e8-8109-0cc47a73967f_fe589691-a959-11ea-811a-0cc47a73967f.resize1.jpeg,2 351,"Кабельный соединитель QPD CW 4X2,5/1X9-14 GY"," Минимальное количество поставки | 1 | Количество в упаковке | 1 | Артикул | 1582533 | Вес | 1 | Страна | Германия | ETIM | EC002560 | Дополнительное описание | Кабельный соединитель | Подробное описание материала 1 | Штекерный разъём (соединитель) для подключения в зданиях"
1582372,https://s3.iautomatica.ru/iblock/991/e3d23d15-c4dc-11e8-8109-0cc47a73967f_fe589683-a959-11ea-811a-0cc47a73967f.resize1.jpeg,1 529,"Разъем QPD P 4X2,5 6-10 GY"," Минимальное количество поставки | 1 | Количество в упаковке | 1 | Артикул | 1582372 | ETIM | EC002566 | Дополнительное описание | BF6BBB | Подробное описание материала 1 | Приборный штекерный разъём для подключения в зданиях"
1582379,https://s3.iautomatica.ru/iblock/867/e3d23d17-c4dc-11e8-8109-0cc47a73967f_fe589684-a959-11ea-811a-0cc47a73967f.resize1.jpeg,1 529,"Разъем QPD P 4X2,5 9-14 GY"," Минимальное количество поставки | 1 | Количество в упаковке | 1 | Артикул | 1582379 | ETIM | EC002566 | Дополнительное описание | BF6BBB | Подробное описание материала 1 | Приборный штекерный разъём для подключения в зданиях"
1685013,https://s3.iautomatica.ru/iblock/c46/bce7c70e-3611-11e5-b8d2-50465db50169_441eed6f-a958-11ea-811a-0cc47a73967f.resize1.jpeg,135,Защитный колпачок KSK 1," Минимальное количество поставки | 10 | Количество в упаковке | 10 | Артикул | 1685013 | Вес | 1 | Страна | Германия | ETIM | EC002314 | Дополнительное описание | Защитный колпачок | Подробное описание материала 1 | Защитная крышка/колпачок/заглушка для промышленного разъема"
1582639,https://s3.iautomatica.ru/iblock/15d/e3d23d49-c4dc-11e8-8109-0cc47a73967f_fe5896a9-a959-11ea-811a-0cc47a73967f.resize1.jpeg,2 222,"Разъем QPD P 4X2,5 6-10 BK GY"," Минимальное количество поставки | 1 | Количество в упаковке | 1 | Артикул | 1582639 | Вес | 1 | Страна | Германия | ETIM | EC002566 | Дополнительное описание | Разъем | Подробное описание материала 1 | Приборный штекерный разъём для подключения в зданиях"
1582637,https://s3.iautomatica.ru/iblock/3e2/e3d23d47-c4dc-11e8-8109-0cc47a73967f_fe5896a7-a959-11ea-811a-0cc47a73967f.resize1.jpeg,2 222,"Разъем QPD P 3PE2,5 6-10 BK BK"," Минимальное количество поставки | 1 | Количество в упаковке | 1 | Артикул | 1582637 | Вес | 1 | Страна | Германия | ETIM | EC002566 | Дополнительное описание | Разъем | Подробное описание материала 1 | Приборный штекерный разъём для подключения в зданиях"
1410916,https://s3.iautomatica.ru/iblock/abc/ea412273-c4dc-11e8-8109-0cc47a73967f_1c28d7bf-a95a-11ea-811a-0cc47a73967f.resize1.jpeg,148,Кодирующий профиль CP-HC-S," Минимальное количество поставки | 10 | Количество в упаковке | 10 | Артикул | 1410916 | Вес | 1 | Страна | Германия | ETIM | EC002311 | Дополнительное описание | Кодирующий профиль | Подробное описание материала 1 | Кодировка для промышленных разъемов"
1410738,https://s3.iautomatica.ru/iblock/845/ea41229b-c4dc-11e8-8109-0cc47a73967f_1c28d861-a95a-11ea-811a-0cc47a73967f.resize1.jpeg,800,Редукционный переходник REDUC-K-KV-M40/M32 BK," Минимальное количество поставки | 10 | Количество в упаковке | 10 | Артикул | 1410738 | Вес | 1 | Страна | Германия | ETIM | EC002309 | Дополнительное описание | Редукционный переходник | Подробное описание материала 1 | Соединительная плата/адаптер для промышленных разъемов"
2702493,https://s3.iautomatica.ru/iblock/218/b024cc48-c4dd-11e8-8109-0cc47a73967f_f751a47b-a95b-11ea-811a-0cc47a73967f.resize1.jpeg,9 836,Монтажный держатель PLD M-ME MC/D70," Минимальное количество поставки | 1 | Количество в упаковке | 1 | Артикул | 2702493 | Вес | 1 | Страна | Германия | ETIM | EC002557 | Дополнительное описание | Монтажный держатель | Подробное описание материала 1 | Механические аксессуары для светильников"
2702492,https://s3.iautomatica.ru/iblock/715/b024cc46-c4dd-11e8-8109-0cc47a73967f_f751a47a-a95b-11ea-811a-0cc47a73967f.resize1.jpeg,9 197,Монтажный держатель PLD M-ME MC/D40," Минимальное количество поставки | 1 | Количество в упаковке | 1 | Артикул | 2702492 | Вес | 1 | Страна | Германия | ETIM | EC002557 | Дополнительное описание | Монтажный держатель | Подробное описание материала 1 | Механические аксессуары для светильников"
2702527,https://s3.iautomatica.ru/iblock/cc9/b024cc64-c4dd-11e8-8109-0cc47a73967f_f751a489-a95b-11ea-811a-0cc47a73967f.resize1.jpeg,7 298,Монтажный уголок PLD M-ME MB/D40," Минимальное количество поставки | 1 | Количество в упаковке | 1 | Артикул | 2702527 | Вес | 1 | Страна | Германия | ETIM | EC002557 | Дополнительное описание | Монтажный уголок | Подробное описание материала 1 | Механические аксессуары для светильников"
2702494,https://s3.iautomatica.ru/iblock/7aa/b024cc4a-c4dd-11e8-8109-0cc47a73967f_f751a47c-a95b-11ea-811a-0cc47a73967f.resize1.jpeg,7 931,Монтажный уголок PLD M-ME MB/D70," Минимальное количество поставки | 1 | Количество в упаковке | 1 | Артикул | 2702494 | Вес | 1 | Страна | Германия | ETIM | EC002557 | Дополнительное описание | Монтажный уголок | Подробное описание материала 1 | Механические аксессуары для светильников"
2702336,https://s3.iautomatica.ru/iblock/281/b024cc1a-c4dd-11e8-8109-0cc47a73967f_f751a464-a95b-11ea-811a-0cc47a73967f.resize1.jpeg,10 562,"Переключатель положения дверцы PLD E 400-DS-3,0/FS/0,6"," Минимальное количество поставки | 1 | Количество в упаковке | 1 | Артикул | 2702336 | Вес | 1 | Страна | Германия | ETIM | EC002557 | Дополнительное описание | Переключатель положения дверцы | Подробное описание материала 1 | Механические аксессуары для светильников"
2702314,https://s3.iautomatica.ru/iblock/4a8/b024cc16-c4dd-11e8-8109-0cc47a73967f_f751a460-a95b-11ea-811a-0cc47a73967f.resize1.jpeg,1 716,Приспособления для монтажа PLD E 400-ME CM," Минимальное количество поставки | 1 | Количество в упаковке | 1 | Артикул | 2702314 | Вес | 1 | Страна | Германия | ETIM | EC002557 | Дополнительное описание | Приспособления для монтажа | Подробное описание материала 1 | Механические аксессуары для светильников"
2702312,https://s3.iautomatica.ru/iblock/6ff/b024cc12-c4dd-11e8-8109-0cc47a73967f_f751a45e-a95b-11ea-811a-0cc47a73967f.resize1.jpeg,1 235,Приспособления для монтажа PLD E 400-ME MM," Минимальное количество поставки | 1 | Количество в упаковке | 1 | Артикул | 2702312 | Вес | 1 | Страна | Германия | ETIM | EC002557 | Дополнительное описание | Приспособления для монтажа | Подробное описание материала 1 | Механические аксессуары для светильников"
2702337,https://s3.iautomatica.ru/iblock/106/b024cc1c-c4dd-11e8-8109-0cc47a73967f_f751a465-a95b-11ea-811a-0cc47a73967f.resize1.jpeg,10 455,"Переключатель положения дверцы PLD E 400-DS-MS/1,0-FS/0,6"," Минимальное количество поставки | 1 | Количество в упаковке | 1 | Артикул | 2702337 | Вес | 1 | Страна | Германия | ETIM | EC002557 | Дополнительное описание | Переключатель положения дверцы | Подробное описание материала 1 | Механические аксессуары для светильников"
2702313,https://s3.iautomatica.ru/iblock/237/b024cc14-c4dd-11e8-8109-0cc47a73967f_f751a45f-a95b-11ea-811a-0cc47a73967f.resize1.jpeg,1 716,Приспособления для монтажа PLD E 400-ME SM," Минимальное количество поставки | 1 | Количество в упаковке | 1 | Артикул | 2702313 | Вес | 1 | Страна | Германия | ETIM | EC002557 | Дополнительное описание | Приспособления для монтажа | Подробное описание материала 1 | Механические аксессуары для светильников"
2702317,https://s3.iautomatica.ru/iblock/d87/b024cc18-c4dd-11e8-8109-0cc47a73967f_f751a463-a95b-11ea-811a-0cc47a73967f.resize1.jpeg,6 851,Приспособления для монтажа PLD E 608-ME SFM," Минимальное количество поставки | 1 | Количество в упаковке | 1 | Артикул | 2702317 | Вес | 1 | Страна | Германия | ETIM | EC002557 | Дополнительное описание | Приспособления для монтажа | Подробное описание материала 1 | Механические аксессуары для светильников"
2702315,https://s3.iautomatica.ru/iblock/307/f5f3e1c3-3611-11e5-b8d2-50465db50169_f751a461-a95b-11ea-811a-0cc47a73967f.resize1.jpeg,3 427,PLD E 608-ME MM," Минимальное количество поставки | 1 | Количество в упаковке | 1 | Артикул | 2702315 | Вес | 1 | Страна | Германия | ETIM | EC002557 | Дополнительное описание | Приспособления для монтажа | Подробное описание материала 1 | Механические аксессуары для светильников"
2702316,https://s3.iautomatica.ru/iblock/f91/f5f3e1c5-3611-11e5-b8d2-50465db50169_f751a462-a95b-11ea-811a-0cc47a73967f.resize1.jpeg,2 856,PLD E 608-ME SM," Минимальное количество поставки | 1 | Количество в упаковке | 1 | Артикул | 2702316 | Вес | 1 | Страна | Германия | ETIM | EC002557 | Дополнительное описание | Приспособления для монтажа | Подробное описание материала 1 | Механические аксессуары для светильников"
2908495,https://s3.iautomatica.ru/iblock/03b/83b66d24-c4dd-11e8-8109-0cc47a73967f_87e6ad4e-a95b-11ea-811a-0cc47a73967f.resize1.jpeg,17 863,Пассивный модуль VIP-3/SC/FLK50/AN/S7-1500," Минимальное количество поставки | 1 | Количество в упаковке | 1 | Артикул | 2908495 | Вес | 1 | Страна | Германия | ETIM | EC002780 | Дополнительное описание | Пассивный модуль | Подробное описание материала 1 | Модуль интерфейса"
2908497,https://s3.iautomatica.ru/iblock/5f0/83b66d28-c4dd-11e8-8109-0cc47a73967f_87e6ad50-a95b-11ea-811a-0cc47a73967f.resize1.jpeg,18 724,Пассивный модуль VIP-3/SC/FLK50/AN/2P/S7-1500," Минимальное количество поставки | 1 | Количество в упаковке | 1 | Артикул | 2908497 | Вес | 1 | Страна | Германия | ETIM | EC002780 | Дополнительное описание | Пассивный модуль | Подробное описание материала 1 | Модуль интерфейса"
2908499,https://s3.iautomatica.ru/iblock/d0a/83b66d2a-c4dd-11e8-8109-0cc47a73967f_87e6ad51-a95b-11ea-811a-0cc47a73967f.resize1.jpeg,21 916,Пассивный модуль VIP-3/PT/FLK50/AN/2P/S7-1500," Минимальное количество поставки | 1 | Количество в упаковке | 1 | Артикул | 2908499 | Вес | 1 | Страна | Германия | ETIM | EC002780 | Дополнительное описание | Пассивный модуль | Подробное описание материала 1 | Модуль интерфейса"
2908496,https://s3.iautomatica.ru/iblock/992/83b66d26-c4dd-11e8-8109-0cc47a73967f_87e6ad4f-a95b-11ea-811a-0cc47a73967f.resize1.jpeg,20 908,Пассивный модуль VIP-3/PT/FLK50/AN/S7-1500," Минимальное количество поставки | 1 | Количество в упаковке | 1 | Артикул | 2908496 | Вес | 1 | Страна | Германия | ETIM | EC002780 | Дополнительное описание | Пассивный модуль | Подробное описание материала 1 | Модуль интерфейса"
2908516,https://s3.iautomatica.ru/iblock/e7d/76fea647-c4dd-11e8-8109-0cc47a73967f_78d7cf7f-a95b-11ea-811a-0cc47a73967f.resize1.jpeg,31 542,"Кабель CABLE-D37SUB/B/B/HF/S/ 1,0M"," Минимальное количество поставки | 1 | Количество в упаковке | 1 | Артикул | 2908516 | Вес | 1 | Страна | Германия | ETIM | EC000237 | Дополнительное описание | Кабель | Подробное описание материала 1 | Соединительный кабель ПЛК"
2908522,https://s3.iautomatica.ru/iblock/62c/83b66d32-c4dd-11e8-8109-0cc47a73967f_87e6ad55-a95b-11ea-811a-0cc47a73967f.resize1.jpeg,62 265,"Кабель CABLE-D37SUB/B/B/HF/S/10,0M"," Минимальное количество поставки | 1 | Количество в упаковке | 1 | Артикул | 2908522 | Вес | 1 | Страна | Германия | ETIM | EC000237 | Дополнительное описание | Кабель | Подробное описание материала 1 | Соединительный кабель ПЛК"
2908520,https://s3.iautomatica.ru/iblock/62c/83b66d32-c4dd-11e8-8109-0cc47a73967f_87e6ad55-a95b-11ea-811a-0cc47a73967f.resize1.jpeg,48 600,"Кабель CABLE-D37SUB/B/B/HF/S/ 6,0M"," Минимальное количество поставки | 1 | Количество в упаковке | 1 | Артикул | 2908520 | Вес | 1 | Страна | Германия | ETIM | EC000237 | Дополнительное описание | Кабель | Подробное описание материала 1 | Соединительный кабель ПЛК"
2908523,https://s3.iautomatica.ru/iblock/62c/83b66d32-c4dd-11e8-8109-0cc47a73967f_87e6ad55-a95b-11ea-811a-0cc47a73967f.resize1.jpeg,79 319,"Кабель CABLE-D37SUB/B/B/HF/S/15,0M"," Минимальное количество поставки | 1 | Количество в упаковке | 1 | Артикул | 2908523 | Вес | 1 | Страна | Германия | ETIM | EC000237 | Дополнительное описание | Кабель | Подробное описание материала 1 | Соединительный кабель ПЛК"
2908518,https://s3.iautomatica.ru/iblock/62c/83b66d32-c4dd-11e8-8109-0cc47a73967f_87e6ad55-a95b-11ea-811a-0cc47a73967f.resize1.jpeg,38 368,"Кабель CABLE-D37SUB/B/B/HF/S/ 3,0M"," Минимальное количество поставки | 1 | Количество в упаковке | 1 | Артикул | 2908518 | Вес | 1 | Страна | Германия | ETIM | EC000237 | Дополнительное описание | Кабель | Подробное описание материала 1 | Соединительный кабель ПЛК"
2908517,https://s3.iautomatica.ru/iblock/62c/83b66d32-c4dd-11e8-8109-0cc47a73967f_87e6ad55-a95b-11ea-811a-0cc47a73967f.resize1.jpeg,34 955,"Кабель CABLE-D37SUB/B/B/HF/S/ 2,0M"," Минимальное количество поставки | 1 | Количество в упаковке | 1 | Артикул | 2908517 | Вес | 1 | Страна | Германия | ETIM | EC000237 | Дополнительное описание | Кабель | Подробное описание материала 1 | Соединительный кабель ПЛК"
2908519,https://s3.iautomatica.ru/iblock/62c/83b66d32-c4dd-11e8-8109-0cc47a73967f_87e6ad55-a95b-11ea-811a-0cc47a73967f.resize1.jpeg,41 773,"Кабель CABLE-D37SUB/B/B/HF/S/ 4,0M"," Минимальное количество поставки | 1 | Количество в упаковке | 1 | Артикул | 2908519 | Вес | 1 | Страна | Германия | ETIM | EC000237 | Дополнительное описание | Кабель | Подробное описание материала 1 | Соединительный кабель ПЛК"
2908521,https://s3.iautomatica.ru/iblock/fb3/83b66d36-c4dd-11e8-8109-0cc47a73967f_87e6ad57-a95b-11ea-811a-0cc47a73967f.resize1.jpeg,55 416,"Кабель CABLE-D37SUB/B/B/HF/S/ 8,0M"," Минимальное количество поставки | 1 | Количество в упаковке | 1 | Артикул | 2908521 | Вес | 1 | Страна | Германия | ETIM | EC000237 | Дополнительное описание | Кабель | Подробное описание материала 1 | Соединительный кабель ПЛК"
2908452,https://s3.iautomatica.ru/iblock/52b/83b66d1e-c4dd-11e8-8109-0cc47a73967f_87e6ad4b-a95b-11ea-811a-0cc47a73967f.resize1.jpeg,50 385,Усилитель с развязкой питания/развязкой по входу IOA RPSS-I-I/HART/EX," Минимальное количество поставки | 1 | Количество в упаковке | 1 | Артикул | 2908452 | Вес | 1 | Страна | Германия | ETIM | EC002780 | Дополнительное описание | Усилитель с развязкой питания/развязкой по входу | Подробное описание материала 1 | Модуль интерфейса"
2908399,https://s3.iautomatica.ru/iblock/9fd/83b66d04-c4dd-11e8-8109-0cc47a73967f_87e6ad48-a95b-11ea-811a-0cc47a73967f.resize1.jpeg,222 392,Активный модуль UM-2KS50/32R/SI/J/DO24V/YCS," Минимальное количество поставки | 1 | Количество в упаковке | 1 | Артикул | 2908399 | Вес | 1 | Страна | Германия | ETIM | EC002780 | Дополнительное описание | Активный модуль | Подробное описание материала 1 | Модуль интерфейса"
2908402,https://s3.iautomatica.ru/iblock/169/83b66d08-c4dd-11e8-8109-0cc47a73967f_87e6ad4a-a95b-11ea-811a-0cc47a73967f.resize1.jpeg,90 260,Пассивный модуль UM-2KS50/32IM/SI/BFI/YCS," Минимальное количество поставки | 1 | Количество в упаковке | 1 | Артикул | 2908402 | Вес | 1 | Страна | Германия | ETIM | EC002780 | Дополнительное описание | Пассивный модуль | Подробное описание материала 1 | Модуль интерфейса"
2908465,https://s3.iautomatica.ru/iblock/f63/83b66d22-c4dd-11e8-8109-0cc47a73967f_87e6ad4d-a95b-11ea-811a-0cc47a73967f.resize1.jpeg,15 045,Пассивный модуль VIP-3/PT/2FLK14/AN/2P/S7-1500A," Минимальное количество поставки | 1 | Количество в упаковке | 1 | Артикул | 2908465 | Вес | 1 | Страна | Германия | ETIM | EC002780 | Дополнительное описание | Пассивный модуль | Подробное описание материала 1 | Модуль интерфейса"
1404520,https://s3.iautomatica.ru/iblock/688/ea4121ed-c4dc-11e8-8109-0cc47a73967f_1495846e-a95a-11ea-811a-0cc47a73967f.resize1.jpeg,38 074,Интерфейс передачи данных SI-PP-2R1A," Минимальное количество поставки | 1 | Количество в упаковке | 1 | Артикул | 1404520 | Вес | 1 | Страна | Германия | ETIM | EC000310 | Дополнительное описание | Интерфейс передачи данных | Подробное описание материала 1 | Интерфейсный преобразователь"
1404521,https://s3.iautomatica.ru/iblock/194/ea4121ef-c4dc-11e8-8109-0cc47a73967f_1495846f-a95a-11ea-811a-0cc47a73967f.resize1.jpeg,50 869,Интерфейс передачи данных SI-PP-R1A-R3A," Минимальное количество поставки | 1 | Количество в упаковке | 1 | Артикул | 1404521 | Вес | 1 | Страна | Германия | ETIM | EC000310 | Дополнительное описание | Интерфейс передачи данных | Подробное описание материала 1 | Интерфейсный преобразователь"
1404517,https://s3.iautomatica.ru/iblock/b4a/ea4121e9-c4dc-11e8-8109-0cc47a73967f_1495846c-a95a-11ea-811a-0cc47a73967f.resize1.jpeg,49 312,Интерфейс передачи данных SI-PP-R1A," Минимальное количество поставки | 1 | Количество в упаковке | 1 | Артикул | 1404517 | Вес | 1 | Страна | Германия | ETIM | EC000310 | Дополнительное описание | Интерфейс передачи данных | Подробное описание материала 1 | Интерфейсный преобразователь"
1404516,https://s3.iautomatica.ru/iblock/e42/ea4121e7-c4dc-11e8-8109-0cc47a73967f_1495846b-a95a-11ea-811a-0cc47a73967f.resize1.jpeg,56 627,Интерфейс передачи данных SI-PP-R1A-S0A," Минимальное количество поставки | 1 | Количество в упаковке | 1 | Артикул | 1404516 | Вес | 1 | Страна | Германия | ETIM | EC000310 | Дополнительное описание | Интерфейс передачи данных | Подробное описание материала 1 | Интерфейсный преобразователь"
1404522,https://s3.iautomatica.ru/iblock/76d/ea4121f1-c4dc-11e8-8109-0cc47a73967f_14958470-a95a-11ea-811a-0cc47a73967f.resize1.jpeg,50 154,Интерфейс передачи данных SI-PP-U1A," Минимальное количество поставки | 1 | Количество в упаковке | 1 | Артикул | 1404522 | Вес | 1 | Страна | Германия | ETIM | EC000310 | Дополнительное описание | Интерфейс передачи данных | Подробное описание материала 1 | Интерфейсный преобразователь"
1404518,https://s3.iautomatica.ru/iblock/24c/ea4121eb-c4dc-11e8-8109-0cc47a73967f_1495846d-a95a-11ea-811a-0cc47a73967f.resize1.jpeg,102 475,Интерфейс передачи данных SI-PP-R1A-S0B," Минимальное количество поставки | 1 | Количество в упаковке | 1 | Артикул | 1404518 | Вес | 1 | Страна | Германия | ETIM | EC000310 | Дополнительное описание | Интерфейс передачи данных | Подробное описание материала 1 | Интерфейсный преобразователь"
1536162,https://s3.iautomatica.ru/iblock/296/487d0181-9ef5-11e4-830c-50465db50169_e0f16620-a959-11ea-811a-0cc47a73967f.resize1.jpeg,3 747,Нагрузочный резистор SAC-5P-M12MS CAN 150 TR," Минимальное количество поставки | 5 | Количество в упаковке | 5 | Артикул | 1536162 | Вес | 1 | Страна | Германия | ETIM | EC000448 | Дополнительное описание | Нагрузочный резистор | Подробное описание материала 1 | Оконечный резистор"
1558470,https://s3.iautomatica.ru/iblock/279/a9edafcd-c4dc-11e8-8109-0cc47a73967f_94eda13c-a959-11ea-811a-0cc47a73967f.resize1.jpeg,3 470,Нагрузочный резистор SAC-4P-M12MS CCL TR," Минимальное количество поставки | 1 | Количество в упаковке | 1 | Артикул | 1558470 | Вес | 1 | Страна | Германия | ETIM | EC000448 | Дополнительное описание | Нагрузочный резистор | Подробное описание материала 1 | Оконечный резистор"
1435988,https://s3.iautomatica.ru/iblock/69e/d6f53442-c4dc-11e8-8109-0cc47a73967f_c9b736e5-a959-11ea-811a-0cc47a73967f.resize1.jpeg,2 418,Нагрузочный резистор SAC-5P-M 8MS DN TR," Минимальное количество поставки | 5 | Количество в упаковке | 5 | Артикул | 1435988 | Вес | 1 | Страна | Германия | ETIM | EC000448 | Дополнительное описание | Нагрузочный резистор | Подробное описание материала 1 | Оконечный резистор"
1886139,https://s3.iautomatica.ru/iblock/621/03f0d01a-c4dd-11e8-8109-0cc47a73967f_5edd5e92-a95a-11ea-811a-0cc47a73967f.resize1.jpeg,775,Зажим для подключения экрана HC-D 4-BU-2BUS," Минимальное количество поставки | 1 | Количество в упаковке | 1 | Артикул | 1886139 | ETIM | EC000310 | Дополнительное описание | BF7ABZ | Подробное описание материала 1 | Интерфейсный преобразователь"
3062016,https://s3.iautomatica.ru/iblock/5be/03f0d026-c4dd-11e8-8109-0cc47a73967f_5edd5e99-a95a-11ea-811a-0cc47a73967f.resize1.jpeg,283,Заглушки KDT-ST 12," Минимальное количество поставки | 25 | Количество в упаковке | 25 | Артикул | 3062016 | Вес | 1 | Страна | Германия | ETIM | EC000723 | Дополнительное описание | Заглушки | Подробное описание материала 1 | Пылезащитный колпак/крышка для штепсельных соединений"
1886142,https://s3.iautomatica.ru/iblock/0f2/03f0d020-c4dd-11e8-8109-0cc47a73967f_5edd5e95-a95a-11ea-811a-0cc47a73967f.resize1.jpeg,775,Зажим для подключения экрана HC-D 4-ST-1BUS," Минимальное количество поставки | 1 | Количество в упаковке | 1 | Артикул | 1886142 | ETIM | EC000310 | Дополнительное описание | BF7ABZ | Подробное описание материала 1 | Интерфейсный преобразователь"
2400173,https://s3.iautomatica.ru/iblock/af9/c35b7e13-c4dd-11e8-8109-0cc47a73967f_1cd9238e-a95c-11ea-811a-0cc47a73967f.resize1.jpeg,16 484,Адаптер DP TO VGA ADPTR," Минимальное количество поставки | 1 | Количество в упаковке | 1 | Артикул | 2400173 | Вес | 1 | Страна | Германия | ETIM | EC001408 | Дополнительное описание | Адаптер | Подробное описание материала 1 | Кабель компьютерный"
2400174,https://s3.iautomatica.ru/iblock/599/c35b7e15-c4dd-11e8-8109-0cc47a73967f_1cd9238f-a95c-11ea-811a-0cc47a73967f.resize1.jpeg,11 389,DP TO DVI ADPTR," Минимальное количество поставки | 1 | Количество в упаковке | 1 | Артикул | 2400174 | Вес | 1 | Страна | Германия | ETIM | EC001408 | Дополнительное описание | DRBAAZ | Подробное описание материала 1 | Кабель компьютерный"
2702653,https://s3.iautomatica.ru/iblock/ad6/b68618e2-c4dd-11e8-8109-0cc47a73967f_0636c445-a95c-11ea-811a-0cc47a73967f.resize1.jpeg,204 131,Промышленный коммутатор FL SWITCH 2304-2GC-2SFP," Минимальное количество поставки | 1 | Количество в упаковке | 1 | Артикул | 2702653 | Вес | 1 | Страна | Германия | ETIM | EC000734 | Дополнительное описание | Промышленный коммутатор | Подробное описание материала 1 | Сетевой коммутатор"
2702767,https://s3.iautomatica.ru/iblock/9f3/b6861924-c4dd-11e8-8109-0cc47a73967f_0636c467-a95c-11ea-811a-0cc47a73967f.resize1.jpeg,198 736,Преобразователь интерфейса GW MODBUS TCP/RTU 2E/4DB9," Минимальное количество поставки | 1 | Количество в упаковке | 1 | Артикул | 2702767 | Вес | 1 | Страна | Германия | ETIM | EC000310 | Дополнительное описание | Преобразователь интерфейса | Подробное описание материала 1 | Интерфейсный преобразователь"
0832082,https://s3.iautomatica.ru/iblock/2dd/4a8cd585-c4dd-11e8-8109-0cc47a73967f_dd8df66a-a95a-11ea-811a-0cc47a73967f.resize1.jpeg,85 069,Вставная табличка EMT (50/28X13)R RD," Минимальное количество поставки | 1 | Количество в упаковке | 1 | Артикул | 0832082 | Вес | 1 | Страна | Германия | ETIM | EC001288 | Дополнительное описание | Вставная табличка | Подробное описание материала 1 | Маркировочный материал (маркировка)"
0832037,https://s3.iautomatica.ru/iblock/dbf/4a8cd577-c4dd-11e8-8109-0cc47a73967f_dd8df663-a95a-11ea-811a-0cc47a73967f.resize1.jpeg,4 514,Маркеры для устройств LS-EMLP (60X30) YE CUS," Минимальное количество поставки | 1 | Количество в упаковке | 1 | Артикул | 0832037 | Вес | 1 | Страна | Германия | ETIM | EC001288 | Дополнительное описание | Маркеры для устройств | Подробное описание материала 1 | Маркировочный материал (маркировка)"
0832030,https://s3.iautomatica.ru/iblock/b97/4a8cd569-c4dd-11e8-8109-0cc47a73967f_dd8df65c-a95a-11ea-811a-0cc47a73967f.resize1.jpeg,7 901,Маркеры для устройств LS-EMLP (27X15) YE CUS," Минимальное количество поставки | 1 | Количество в упаковке | 1 | Артикул | 0832030 | Вес | 1 | Страна | Германия | ETIM | EC001288 | Дополнительное описание | Маркеры для устройств | Подробное описание материала 1 | Маркировочный материал (маркировка)"
0832070,https://s3.iautomatica.ru/iblock/592/4a8cd583-c4dd-11e8-8109-0cc47a73967f_dd8df669-a95a-11ea-811a-0cc47a73967f.resize1.jpeg,7 051,Маркеры для устройств LS-EML (180X180) BK-WH CUS," Минимальное количество поставки | 1 | Количество в упаковке | 1 | Артикул | 0832070 | Вес | 1 | Страна | Германия | ETIM | EC001288 | Дополнительное описание | Маркеры для устройств | Подробное описание материала 1 | Маркировочный материал (маркировка)"
0832035,https://s3.iautomatica.ru/iblock/84c/4a8cd573-c4dd-11e8-8109-0cc47a73967f_dd8df661-a95a-11ea-811a-0cc47a73967f.resize1.jpeg,4 514,Маркеры для устройств LS-EMLP (49X15) YE CUS," Минимальное количество поставки | 1 | Количество в упаковке | 1 | Артикул | 0832035 | Вес | 1 | Страна | Германия | ETIM | EC001288 | Дополнительное описание | Маркеры для устройств | Подробное описание материала 1 | Маркировочный материал (маркировка)"
0832042,https://s3.iautomatica.ru/iblock/da4/4a8cd581-c4dd-11e8-8109-0cc47a73967f_dd8df668-a95a-11ea-811a-0cc47a73967f.resize1.jpeg,4 514,Маркеры для устройств LS-EMLP 32 (38X14) YE CUS," Минимальное количество поставки | 1 | Количество в упаковке | 1 | Артикул | 0832042 | Вес | 1 | Страна | Германия | ETIM | EC001288 | Дополнительное описание | Маркеры для устройств | Подробное описание материала 1 | Маркировочный материал (маркировка)"
0832041,https://s3.iautomatica.ru/iblock/a3c/4a8cd57f-c4dd-11e8-8109-0cc47a73967f_dd8df667-a95a-11ea-811a-0cc47a73967f.resize1.jpeg,4 514,Маркеры для устройств LS-EMLP 30 (45X10) YE CUS," Минимальное количество поставки | 1 | Количество в упаковке | 1 | Артикул | 0832041 | Вес | 1 | Страна | Германия | ETIM | EC001288 | Дополнительное описание | Маркеры для устройств | Подробное описание материала 1 | Маркировочный материал (маркировка)"
0832040,https://s3.iautomatica.ru/iblock/d83/4a8cd57d-c4dd-11e8-8109-0cc47a73967f_dd8df666-a95a-11ea-811a-0cc47a73967f.resize1.jpeg,4 514,Маркеры для устройств LS-EMLP 24 (30X12) YE CUS," Минимальное количество поставки | 1 | Количество в упаковке | 1 | Артикул | 0832040 | Вес | 1 | Страна | Германия | ETIM | EC001288 | Дополнительное описание | Маркеры для устройств | Подробное описание материала 1 | Маркировочный материал (маркировка)"
0832038,https://s3.iautomatica.ru/iblock/fb0/4a8cd579-c4dd-11e8-8109-0cc47a73967f_dd8df664-a95a-11ea-811a-0cc47a73967f.resize1.jpeg,4 514,"Маркеры для устройств LS-EMLP (85,6X54) YE CUS"," Минимальное количество поставки | 1 | Количество в упаковке | 1 | Артикул | 0832038 | Вес | 1 | Страна | Германия | ETIM | EC001288 | Дополнительное описание | Маркеры для устройств | Подробное описание материала 1 | Маркировочный материал (маркировка)"
0832036,https://s3.iautomatica.ru/iblock/b3a/4a8cd575-c4dd-11e8-8109-0cc47a73967f_dd8df662-a95a-11ea-811a-0cc47a73967f.resize1.jpeg,4 514,Маркеры для устройств LS-EMLP (60X15) YE CUS," Минимальное количество поставки | 1 | Количество в упаковке | 1 | Артикул | 0832036 | Вес | 1 | Страна | Германия | ETIM | EC001288 | Дополнительное описание | Маркеры для устройств | Подробное описание материала 1 | Маркировочный материал (маркировка)"
0832034,https://s3.iautomatica.ru/iblock/d29/4a8cd571-c4dd-11e8-8109-0cc47a73967f_dd8df660-a95a-11ea-811a-0cc47a73967f.resize1.jpeg,4 514,Маркеры для устройств LS-EMLP (45X15) YE CUS," Минимальное количество поставки | 1 | Количество в упаковке | 1 | Артикул | 0832034 | Вес | 1 | Страна | Германия | ETIM | EC001288 | Дополнительное описание | Маркеры для устройств | Подробное описание материала 1 | Маркировочный материал (маркировка)"
0832032,https://s3.iautomatica.ru/iblock/fd5/4a8cd56d-c4dd-11e8-8109-0cc47a73967f_dd8df65e-a95a-11ea-811a-0cc47a73967f.resize1.jpeg,7 901,Маркеры для устройств LS-EMLP (27X27) YE CUS," Минимальное количество поставки | 1 | Количество в упаковке | 1 | Артикул | 0832032 | Вес | 1 | Страна | Германия | ETIM | EC001288 | Дополнительное описание | Маркеры для устройств | Подробное описание материала 1 | Маркировочный материал (маркировка)"
0832039,https://s3.iautomatica.ru/iblock/4b2/4a8cd57b-c4dd-11e8-8109-0cc47a73967f_dd8df665-a95a-11ea-811a-0cc47a73967f.resize1.jpeg,4 514,Маркеры для устройств LS-EMLP (100X60) YE CUS," Минимальное количество поставки | 1 | Количество в упаковке | 1 | Артикул | 0832039 | Вес | 1 | Страна | Германия | ETIM | EC001288 | Дополнительное описание | Маркеры для устройств | Подробное описание материала 1 | Маркировочный материал (маркировка)"
0832033,https://s3.iautomatica.ru/iblock/d5c/4a8cd56f-c4dd-11e8-8109-0cc47a73967f_dd8df65f-a95a-11ea-811a-0cc47a73967f.resize1.jpeg,4 514,Маркеры для устройств LS-EMLP (45X14) YE CUS," Минимальное количество поставки | 1 | Количество в упаковке | 1 | Артикул | 0832033 | Вес | 1 | Страна | Германия | ETIM | EC001288 | Дополнительное описание | Маркеры для устройств | Подробное описание материала 1 | Маркировочный материал (маркировка)"
0832031,https://s3.iautomatica.ru/iblock/347/88e78c3a-3611-11e5-b8d2-50465db50169_dd8df5bc-a95a-11ea-811a-0cc47a73967f.resize1.jpeg,7 901,Маркеры для устройств LS-EMLP (27X18) YE CUS," Минимальное количество поставки | 1 | Количество в упаковке | 1 | Артикул | 0832031 | Вес | 1 | Страна | Германия | ETIM | EC001288 | Дополнительное описание | Маркеры для устройств | Подробное описание материала 1 | Маркировочный материал (маркировка)"
0832024,https://s3.iautomatica.ru/iblock/a33/4a8cd55d-c4dd-11e8-8109-0cc47a73967f_dd8df656-a95a-11ea-811a-0cc47a73967f.resize1.jpeg,10 159,Маркеры для устройств LS-EMLP (20X7) YE CUS," Минимальное количество поставки | 1 | Количество в упаковке | 1 | Артикул | 0832024 | Вес | 1 | Страна | Германия | ETIM | EC001288 | Дополнительное описание | Маркеры для устройств | Подробное описание материала 1 | Маркировочный материал (маркировка)"
1623598,https://s3.iautomatica.ru/iblock/90a/08da555c-c4dc-11e8-8109-0cc47a73967f_71bfa9e1-a958-11ea-811a-0cc47a73967f.resize1.jpeg,14 689,Комплект соединителей и сальников VC-M-T2/10() S822 NZ:TS02," Минимальное количество поставки | 1 | Количество в упаковке | 1 | Артикул | 1623598 | Вес | 1 | Страна | Германия | ETIM | EC000007 | Дополнительное описание | Комплект соединителей и сальников | Подробное описание материала 1 | Рамка для электроустановочных устройств"
1656482,https://s3.iautomatica.ru/iblock/c38/6db39a83-9ef5-11e4-830c-50465db50169_50429258-a95a-11ea-811a-0cc47a73967f.resize1.jpeg,6 757,VS-SI-EB-EMV-1," Минимальное количество поставки | 1 | Количество в упаковке | 1 | Артикул | 1656482 | ETIM | EC000007 | Дополнительное описание | BF7EAX | Подробное описание материала 1 | Рамка для электроустановочных устройств"
1656495,https://s3.iautomatica.ru/iblock/87d/6db39a85-9ef5-11e4-830c-50465db50169_50429259-a95a-11ea-811a-0cc47a73967f.resize1.jpeg,10 412,VS-SI-EB-EMV-2," Минимальное количество поставки | 1 | Количество в упаковке | 1 | Артикул | 1656495 | ETIM | EC000007 | Дополнительное описание | BF7EAX | Подробное описание материала 1 | Рамка для электроустановочных устройств"
2701440,https://s3.iautomatica.ru/iblock/c7d/f5f3e16f-3611-11e5-b8d2-50465db50169_0636c416-a95c-11ea-811a-0cc47a73967f.resize1.jpeg,89 583,FL RUGGED BOX DIR-1," Минимальное количество поставки | 1 | Количество в упаковке | 1 | Артикул | 2701440 | Вес | 1 | Страна | Германия | ETIM | EC001358 | Дополнительное описание | Распределительная коробка | Подробное описание материала 1 | Радиопередатчик"
1607444,https://s3.iautomatica.ru/iblock/9b0/e5193310-9ef4-11e4-830c-50465db50169_65ad8f16-b23c-11ea-811a-0cc47a73967f.resize1.jpeg,6 080,"VC-MEMV-T1-Z/26/9,5-MTR-DUC"," Минимальное количество поставки | 1 | Количество в упаковке | 1 | Артикул | 1607444 | ETIM | EC000007 | Дополнительное описание | ABLADD | Подробное описание материала 1 | Рамка для электроустановочных устройств"
1886362,https://s3.iautomatica.ru/iblock/9b0/e5193310-9ef4-11e4-830c-50465db50169_65ad8f16-b23c-11ea-811a-0cc47a73967f.resize1.jpeg,6 080,VC-MEMV-T1-Z/26/13-MTR-DCU," Минимальное количество поставки | 1 | Количество в упаковке | 1 | Артикул | 1886362 | ETIM | EC000007 | Дополнительное описание | ABLADD | Подробное описание материала 1 | Рамка для электроустановочных устройств"
1853586,https://s3.iautomatica.ru/iblock/9b0/e5193310-9ef4-11e4-830c-50465db50169_65ad8f16-b23c-11ea-811a-0cc47a73967f.resize1.jpeg,856,VC-TR5/6M," Минимальное количество поставки | 5 | Количество в упаковке | 5 | Артикул | 1853586 | ETIM | EC000007 | Дополнительное описание | ABLABB | Подробное описание материала 1 | Рамка для электроустановочных устройств"
1852927,https://s3.iautomatica.ru/iblock/519/e519330a-9ef4-11e4-830c-50465db50169_8829a1c3-a958-11ea-811a-0cc47a73967f.resize1.jpeg,429,VC-TR4/5M," Минимальное количество поставки | 5 | Количество в упаковке | 5 | Артикул | 1852927 | ETIM | EC000007 | Дополнительное описание | ABLABB | Подробное описание материала 1 | Рамка для электроустановочных устройств"
2902064,https://s3.iautomatica.ru/iblock/3f5/76fea6b9-c4dd-11e8-8109-0cc47a73967f_78d7cfda-a95b-11ea-811a-0cc47a73967f.resize1.jpeg,27 283,Источник стабилизированного напряжения MINI MCR-2-CVCS," Минимальное количество поставки | 1 | Количество в упаковке | 1 | Артикул | 2902064 | Вес | 1 | Страна | Германия | ETIM | EC002540 | Дополнительное описание | Источник стабилизированного напряжения | Подробное описание материала 1 | Источник питания постоян. тока (DC)"
2902065,https://s3.iautomatica.ru/iblock/f4d/76fea6bb-c4dd-11e8-8109-0cc47a73967f_78d7cfdb-a95b-11ea-811a-0cc47a73967f.resize1.jpeg,27 283,Источник стабилизированного напряжения MINI MCR-2-CVCS-PT," Минимальное количество поставки | 1 | Количество в упаковке | 1 | Артикул | 2902065 | Вес | 1 | Страна | Германия | ETIM | EC002540 | Дополнительное описание | Источник стабилизированного напряжения | Подробное описание материала 1 | Источник питания постоян. тока (DC)"
2403081,https://s3.iautomatica.ru/iblock/902/c35b7e47-c4dd-11e8-8109-0cc47a73967f_1cd923a8-a95c-11ea-811a-0cc47a73967f.resize1.jpeg,80 693,Зарядное устройство ITC 8113 CHARGING STATION," Минимальное количество поставки | 1 | Количество в упаковке | 1 | Артикул | 2403081 | Вес | 1 | Страна | Германия | ETIM | EC002839 | Дополнительное описание | Зарядное устройство | Подробное описание материала 1 | Аксессуары для батареи/зарядного устройства"
2403082,https://s3.iautomatica.ru/iblock/ad1/c35b7e49-c4dd-11e8-8109-0cc47a73967f_1cd923a9-a95c-11ea-811a-0cc47a73967f.resize1.jpeg,64 469,Батарея / аккумулятор ITC 8113 RECHARGEABLE BATTERY," Минимальное количество поставки | 1 | Количество в упаковке | 1 | Артикул | 2403082 | Вес | 1 | Страна | Германия | ETIM | EC000357 | Дополнительное описание | Батарея / аккумулятор | Подробное описание материала 1 | Аккумуляторная батарея (заряжаемый элемент питания)"
1010314,https://s3.iautomatica.ru/iblock/57a/c9e0617e-c4dd-11e8-8109-0cc47a73967f_245ceba7-a95c-11ea-811a-0cc47a73967f.resize1.jpeg,269 402,"Зарядный кабель DC EV-T2M4CC-DC125A-6,5M50ESBK00"," Минимальное количество поставки | 1 | Количество в упаковке | 1 | Артикул | 1010314 | Вес | 1 | Страна | Германия | ETIM | EC002839 | Дополнительное описание | Зарядный кабель DC | Подробное описание материала 1 | Аксессуары для батареи/зарядного устройства"
1013068,https://s3.iautomatica.ru/iblock/895/c9e0618a-c4dd-11e8-8109-0cc47a73967f_245cebac-a95c-11ea-811a-0cc47a73967f.resize1.jpeg,64 804,"Зарядный кабель AC EV-T2G3C-3AC32A-7,0M6,0ESBK01"," Минимальное количество поставки | 1 | Количество в упаковке | 1 | Артикул | 1013068 | Вес | 1 | Страна | Германия | ETIM | EC002839 | Дополнительное описание | Зарядный кабель AC | Подробное описание материала 1 | Аксессуары для батареи/зарядного устройства"
1010326,https://s3.iautomatica.ru/iblock/2cd/c9e06184-c4dd-11e8-8109-0cc47a73967f_245cebaa-a95c-11ea-811a-0cc47a73967f.resize1.jpeg,284 800,"Зарядный кабель DC EV-T2M4CC-DC125A-8,5M50ESBK00"," Минимальное количество поставки | 1 | Количество в упаковке | 1 | Артикул | 1010326 | Вес | 1 | Страна | Германия | ETIM | EC002839 | Дополнительное описание | Зарядный кабель DC | Подробное описание материала 1 | Аксессуары для батареи/зарядного устройства"
1012948,https://s3.iautomatica.ru/iblock/108/c9e06188-c4dd-11e8-8109-0cc47a73967f_245cebab-a95c-11ea-811a-0cc47a73967f.resize1.jpeg,63 650,"Зарядный кабель AC EV-T2G3C-3AC32A-6,5M6,0ESBK01"," Минимальное количество поставки | 1 | Количество в упаковке | 1 | Артикул | 1012948 | Вес | 1 | Страна | Германия | ETIM | EC002839 | Дополнительное описание | Зарядный кабель AC | Подробное описание материала 1 | Аксессуары для батареи/зарядного устройства"
1010320,https://s3.iautomatica.ru/iblock/297/c9e06180-c4dd-11e8-8109-0cc47a73967f_245ceba8-a95c-11ea-811a-0cc47a73967f.resize1.jpeg,68 273,"Зарядный кабель AC EV-T2M3C-3AC32A-8,5M6,0ESBK00"," Минимальное количество поставки | 1 | Количество в упаковке | 1 | Артикул | 1010320 | Вес | 1 | Страна | Германия | ETIM | EC002839 | Дополнительное описание | Зарядный кабель AC | Подробное описание материала 1 | Аксессуары для батареи/зарядного устройства"
1010321,https://s3.iautomatica.ru/iblock/93c/c9e06182-c4dd-11e8-8109-0cc47a73967f_245ceba9-a95c-11ea-811a-0cc47a73967f.resize1.jpeg,63 650,"Зарядный кабель AC EV-T2M3C-3AC32A-6,5M6,0ESBK00"," Минимальное количество поставки | 1 | Количество в упаковке | 1 | Артикул | 1010321 | Вес | 1 | Страна | Германия | ETIM | EC002839 | Дополнительное описание | Зарядный кабель AC | Подробное описание материала 1 | Аксессуары для батареи/зарядного устройства"
2908369,https://s3.iautomatica.ru/iblock/9a5/a9c0492f-c4dd-11e8-8109-0cc47a73967f_e82e38d8-a95b-11ea-811a-0cc47a73967f.resize1.jpeg,285 315,Запасной аккумулятор источника бесперебойного питания UPS-BAT-KIT-WTR 2X12V/26AH," Минимальное количество поставки | 1 | Количество в упаковке | 1 | Артикул | 2908369 | Вес | 1 | Страна | Германия | ETIM | EC002839 | Дополнительное описание | Запасной аккумулятор источника бесперебойного питания | Подробное описание материала 1 | Аксессуары для батареи/зарядного устройства"
2908665,https://s3.iautomatica.ru/iblock/f4d/a9c04931-c4dd-11e8-8109-0cc47a73967f_e82e38d9-a95b-11ea-811a-0cc47a73967f.resize1.jpeg,30 093,"Запасной аккумулятор источника бесперебойного питания UPS-BAT-KIT-VRLA 2X12V/1,3AH"," Минимальное количество поставки | 1 | Количество в упаковке | 1 | Артикул | 2908665 | Вес | 1 | Страна | Германия | ETIM | EC002839 | Дополнительное описание | Запасной аккумулятор источника бесперебойного питания | Подробное описание материала 1 | Аксессуары для батареи/зарядного устройства"
2909830,https://s3.iautomatica.ru/iblock/ee2/s83e2n8kcl0x80y8lw2j2jh27jwcztlb/3ffe2da4-4dbc-11ea-8119-0cc47a73967f.jpg,190 684,Запасной аккумулятор источника бесперебойного питания UPS-BAT/LI-ION/24DC/120WH/KIT," Минимальное количество поставки | 1 | Количество в упаковке | 1 | Артикул | 2909830 | Вес | 1 | Страна | Германия | ETIM | EC000357 | Дополнительное описание | Запасной аккумулятор источника бесперебойного питания | Подробное описание материала 1 | Аккумуляторная батарея (заряжаемый элемент питания)"
2905908,https://s3.iautomatica.ru/iblock/948/a9c048db-c4dd-11e8-8109-0cc47a73967f_e82e38c5-a95b-11ea-811a-0cc47a73967f.resize1.jpeg,271 662,Источник бесперебойного питания TRIO-UPS-2G/1AC/1AC/120V/750VA," Минимальное количество поставки | 1 | Количество в упаковке | 1 | Артикул | 2905908 | Вес | 1 | Страна | Германия | ETIM | EC000382 | Дополнительное описание | Источник бесперебойного питания | Подробное описание материала 1 | Источник бесперебойного питания (ИБП/ UPS/ ББП)"
2800427,https://s3.iautomatica.ru/iblock/634/a9c048d5-c4dd-11e8-8109-0cc47a73967f_e82e38b3-a95b-11ea-811a-0cc47a73967f.resize1.jpeg,393 270,Запасной аккумулятор источника бесперебойного питания UPS-BAT-KIT-20X7AH," Минимальное количество поставки | 1 | Количество в упаковке | 1 | Артикул | 2800427 | Вес | 1 | Страна | Германия | ETIM | EC000382 | Дополнительное описание | Запасной аккумулятор источника бесперебойного питания | Подробное описание материала 1 | Источник бесперебойного питания (ИБП/ UPS/ ББП)"
2905907,https://s3.iautomatica.ru/iblock/bd4/a9c048d9-c4dd-11e8-8109-0cc47a73967f_e82e38c4-a95b-11ea-811a-0cc47a73967f.resize1.jpeg,64 982,Источник бесперебойного питания UNO-UPS/24DC/24DC/60W," Минимальное количество поставки | 1 | Количество в упаковке | 1 | Артикул | 2905907 | Вес | 1 | Страна | Германия | ETIM | EC000382 | Дополнительное описание | Источник бесперебойного питания | Подробное описание материала 1 | Источник бесперебойного питания (ИБП/ UPS/ ББП)"